date,open,close,high,low,volume,成交额,均价,ma50,ma200
2026-01-16 09:33:00,4.42,4.41,4.42,4.41,341.0,150536.0,4.423,,
2026-01-16 09:34:00,4.41,4.41,4.42,4.41,370.0,163302.0,4.422,,
2026-01-16 09:35:00,4.41,4.4,4.42,4.4,1351.0,595862.0,4.419,,
2026-01-16 09:36:00,4.4,4.41,4.41,4.4,2211.0,973980.0,4.416,,
2026-01-16 09:37:00,4.41,4.4,4.42,4.4,572.0,252265.0,4.415,,
2026-01-16 09:38:00,4.4,4.39,4.41,4.39,2797.0,1230711.0,4.412,,
2026-01-16 09:39:00,4.39,4.39,4.4,4.38,2093.0,918888.0,4.409,,
2026-01-16 09:40:00,4.39,4.39,4.4,4.39,566.0,248505.0,4.408,,
2026-01-16 09:41:00,4.39,4.4,4.4,4.39,434.0,190634.0,4.407,,
2026-01-16 09:42:00,4.4,4.4,4.4,4.39,422.0,185462.0,4.407,,
2026-01-16 09:43:00,4.4,4.4,4.41,4.4,1395.0,613850.0,4.406,,
2026-01-16 09:44:00,4.4,4.41,4.41,4.4,784.0,345035.0,4.406,,
2026-01-16 09:45:00,4.41,4.4,4.41,4.4,456.0,200703.0,4.406,,
2026-01-16 09:46:00,4.4,4.4,4.41,4.4,287.0,126542.0,4.406,,
2026-01-16 09:47:00,4.4,4.4,4.41,4.4,437.0,192524.0,4.406,,
2026-01-16 09:48:00,4.4,4.4,4.41,4.4,264.0,116368.0,4.406,,
2026-01-16 09:49:00,4.4,4.41,4.41,4.4,2186.0,963076.0,4.406,,
2026-01-16 09:50:00,4.41,4.41,4.42,4.41,783.0,345422.0,4.406,,
2026-01-16 09:51:00,4.41,4.47,4.47,4.41,11077.0,4919305.0,4.418,,
2026-01-16 09:52:00,4.47,4.45,4.47,4.45,2361.0,1052798.0,4.421,,
2026-01-16 09:53:00,4.45,4.46,4.46,4.45,2894.0,1289428.0,4.423,,
2026-01-16 09:54:00,4.46,4.46,4.47,4.45,2625.0,1170981.0,4.426,,
2026-01-16 09:55:00,4.46,4.46,4.46,4.46,1348.0,601458.0,4.427,,
2026-01-16 09:56:00,4.46,4.45,4.46,4.45,384.0,171056.0,4.427,,
2026-01-16 09:57:00,4.45,4.46,4.46,4.45,452.0,201457.0,4.427,,
2026-01-16 09:58:00,4.46,4.46,4.46,4.45,2858.0,1272136.0,4.429,,
2026-01-16 09:59:00,4.46,4.45,4.46,4.44,1024.0,455566.0,4.429,,
2026-01-16 10:00:00,4.45,4.45,4.46,4.45,2643.0,1177649.0,4.431,,
2026-01-16 10:01:00,4.45,4.45,4.46,4.45,755.0,336023.0,4.431,,
2026-01-16 10:02:00,4.45,4.45,4.46,4.44,4846.0,2156114.0,4.433,,
2026-01-16 10:03:00,4.45,4.45,4.45,4.44,2726.0,1211900.0,4.433,,
2026-01-16 10:04:00,4.45,4.45,4.45,4.44,171.0,76075.0,4.433,,
2026-01-16 10:05:00,4.45,4.44,4.45,4.44,650.0,288806.0,4.434,,
2026-01-16 10:06:00,4.44,4.44,4.45,4.44,590.0,262495.0,4.434,,
2026-01-16 10:07:00,4.44,4.44,4.45,4.44,83.0,36881.0,4.434,,
2026-01-16 10:08:00,4.44,4.44,4.45,4.44,1255.0,557284.0,4.434,,
2026-01-16 10:09:00,4.44,4.44,4.45,4.44,802.0,356120.0,4.434,,
2026-01-16 10:10:00,4.44,4.43,4.44,4.43,107.0,47514.0,4.434,,
2026-01-16 10:11:00,4.43,4.44,4.44,4.44,199.0,88356.0,4.434,,
2026-01-16 10:12:00,4.44,4.44,4.45,4.44,1241.0,551110.0,4.434,,
2026-01-16 10:13:00,4.44,4.45,4.45,4.44,315.0,139901.0,4.434,,
2026-01-16 10:14:00,4.45,4.48,4.48,4.44,9413.0,4196334.0,4.437,,
2026-01-16 10:15:00,4.48,4.48,4.48,4.47,2465.0,1103215.0,4.438,,
2026-01-16 10:16:00,4.48,4.47,4.48,4.47,1571.0,702923.0,4.439,,
2026-01-16 10:17:00,4.47,4.49,4.49,4.47,4826.0,2161926.0,4.442,,
2026-01-16 10:18:00,4.49,4.48,4.49,4.48,5009.0,2247016.0,4.444,,
2026-01-16 10:19:00,4.48,4.47,4.48,4.47,1265.0,566417.0,4.445,,
2026-01-16 10:20:00,4.47,4.46,4.47,4.46,1544.0,690160.0,4.445,,
2026-01-16 10:21:00,4.46,4.47,4.47,4.46,1078.0,481325.0,4.445,,
2026-01-16 10:22:00,4.47,4.45,4.47,4.45,4278.0,1905705.0,4.446,4.4362,
2026-01-16 10:23:00,4.45,4.46,4.46,4.45,693.0,308618.0,4.446,4.437200000000001,
2026-01-16 10:24:00,4.46,4.46,4.46,4.45,476.0,212028.0,4.446,4.4382,
2026-01-16 10:25:00,4.46,4.45,4.46,4.45,2126.0,946948.0,4.446,4.4392000000000005,
2026-01-16 10:26:00,4.45,4.46,4.47,4.45,2956.0,1318262.0,4.446,4.440200000000001,
2026-01-16 10:27:00,4.46,4.46,4.47,4.45,1424.0,635009.0,4.447,4.4414,
2026-01-16 10:28:00,4.46,4.45,4.46,4.45,39.0,17361.0,4.447,4.4426000000000005,
2026-01-16 10:29:00,4.45,4.45,4.45,4.45,883.0,392947.0,4.447,4.4437999999999995,
2026-01-16 10:30:00,4.45,4.45,4.45,4.44,840.0,373667.0,4.447,4.445,
2026-01-16 10:31:00,4.45,4.45,4.46,4.45,583.0,259500.0,4.447,4.446000000000001,
2026-01-16 10:32:00,4.45,4.44,4.45,4.44,2062.0,917707.0,4.447,4.4468,
2026-01-16 10:33:00,4.44,4.45,4.45,4.44,1085.0,482964.0,4.447,4.4478,
2026-01-16 10:34:00,4.45,4.46,4.46,4.45,568.0,252879.0,4.447,4.4488,
2026-01-16 10:35:00,4.46,4.45,4.46,4.45,536.0,238906.0,4.447,4.4498,
2026-01-16 10:36:00,4.45,4.45,4.46,4.45,634.0,282330.0,4.447,4.4508,
2026-01-16 10:37:00,4.45,4.46,4.46,4.45,136.0,60585.0,4.447,4.452000000000001,
2026-01-16 10:38:00,4.46,4.45,4.46,4.45,389.0,173379.0,4.447,4.453,
2026-01-16 10:39:00,4.45,4.46,4.46,4.45,955.0,425683.0,4.447,4.454000000000001,
2026-01-16 10:40:00,4.46,4.45,4.46,4.45,352.0,156688.0,4.447,4.4548000000000005,
2026-01-16 10:41:00,4.45,4.46,4.46,4.45,1657.0,738920.0,4.447,4.4546,
2026-01-16 10:42:00,4.46,4.46,4.46,4.45,476.0,212294.0,4.447,4.4548000000000005,
2026-01-16 10:43:00,4.46,4.45,4.46,4.45,548.0,244397.0,4.447,4.4546,
2026-01-16 10:44:00,4.45,4.45,4.46,4.45,565.0,251626.0,4.447,4.454400000000001,
2026-01-16 10:45:00,4.45,4.46,4.46,4.45,148.0,65901.0,4.447,4.4544,
2026-01-16 10:46:00,4.46,4.46,4.46,4.45,1008.0,449567.0,4.448,4.4546,
2026-01-16 10:47:00,4.46,4.46,4.46,4.46,429.0,191334.0,4.448,4.4546,
2026-01-16 10:48:00,4.46,4.46,4.46,4.45,656.0,292575.0,4.448,4.4546,
2026-01-16 10:49:00,4.46,4.46,4.46,4.46,95.0,42370.0,4.448,4.4548000000000005,
2026-01-16 10:50:00,4.46,4.45,4.46,4.45,201.0,89549.0,4.448,4.4548000000000005,
2026-01-16 10:51:00,4.45,4.46,4.46,4.45,36.0,16031.0,4.448,4.455,
2026-01-16 10:52:00,4.46,4.45,4.46,4.45,482.0,214513.0,4.448,4.455,
2026-01-16 10:53:00,4.45,4.45,4.45,4.45,191.0,85060.0,4.448,4.455,
2026-01-16 10:54:00,4.45,4.44,4.45,4.44,2693.0,1198338.0,4.448,4.4548000000000005,
2026-01-16 10:55:00,4.44,4.44,4.45,4.44,89.0,39519.0,4.448,4.4548000000000005,
2026-01-16 10:56:00,4.44,4.45,4.45,4.44,800.0,355860.0,4.448,4.455,
2026-01-16 10:57:00,4.45,4.45,4.45,4.44,469.0,208702.0,4.448,4.4552,
2026-01-16 10:58:00,4.45,4.45,4.45,4.44,71.0,31565.0,4.448,4.4554,
2026-01-16 10:59:00,4.45,4.44,4.45,4.44,211.0,93829.0,4.448,4.4554,
2026-01-16 11:00:00,4.44,4.44,4.45,4.44,331.0,147101.0,4.448,4.4556000000000004,
2026-01-16 11:01:00,4.44,4.45,4.45,4.45,53.0,23585.0,4.448,4.4558,
2026-01-16 11:02:00,4.45,4.45,4.45,4.44,964.0,428968.0,4.448,4.456,
2026-01-16 11:03:00,4.45,4.46,4.46,4.45,233.0,103815.0,4.448,4.4562,
2026-01-16 11:04:00,4.46,4.46,4.46,4.45,370.0,164653.0,4.448,4.4558,
2026-01-16 11:05:00,4.46,4.45,4.45,4.45,652.0,290466.0,4.448,4.4552,
2026-01-16 11:06:00,4.45,4.46,4.46,4.45,797.0,354851.0,4.448,4.455,
2026-01-16 11:07:00,4.46,4.46,4.46,4.46,0.0,0.0,4.448,4.4544,
2026-01-16 11:08:00,4.46,4.46,4.47,4.46,1861.0,830194.0,4.448,4.454000000000001,
2026-01-16 11:09:00,4.46,4.46,4.47,4.46,193.0,86113.0,4.448,4.4538,
2026-01-16 11:10:00,4.46,4.47,4.47,4.46,610.0,272665.0,4.448,4.454,
2026-01-16 11:11:00,4.47,4.47,4.47,4.46,115.0,51404.0,4.448,4.454,
2026-01-16 11:12:00,4.47,4.47,4.47,4.46,169.0,75539.0,4.448,4.4544,
2026-01-16 11:13:00,4.47,4.46,4.47,4.46,1160.0,517430.0,4.448,4.4544,
2026-01-16 11:14:00,4.46,4.46,4.46,4.45,928.0,413886.0,4.448,4.4544,
2026-01-16 11:15:00,4.46,4.46,4.46,4.45,229.0,101957.0,4.448,4.4546,
2026-01-16 11:16:00,4.46,4.45,4.46,4.45,188.0,83780.0,4.448,4.4544,
2026-01-16 11:17:00,4.45,4.46,4.46,4.46,3.0,1338.0,4.448,4.454400000000001,
2026-01-16 11:18:00,4.46,4.46,4.46,4.45,118.0,52613.0,4.448,4.4546,
2026-01-16 11:19:00,4.46,4.46,4.46,4.45,78.0,34752.0,4.448,4.4548000000000005,
2026-01-16 11:20:00,4.46,4.45,4.46,4.45,21.0,9361.0,4.448,4.4548000000000005,
2026-01-16 11:21:00,4.45,4.46,4.46,4.46,132.0,58872.0,4.448,4.455,
2026-01-16 11:22:00,4.46,4.46,4.46,4.46,37.0,16502.0,4.448,4.4554,
2026-01-16 11:23:00,4.46,4.47,4.47,4.46,1549.0,690861.0,4.449,4.4558,
2026-01-16 11:24:00,4.47,4.47,4.47,4.46,405.0,180797.0,4.449,4.456,
2026-01-16 11:25:00,4.47,4.46,4.47,4.46,893.0,398969.0,4.449,4.4562,
2026-01-16 11:26:00,4.46,4.46,4.47,4.46,34.0,15178.0,4.449,4.4563999999999995,
2026-01-16 11:27:00,4.46,4.46,4.46,4.46,336.0,149878.0,4.449,4.4563999999999995,
2026-01-16 11:28:00,4.46,4.46,4.46,4.46,697.0,310862.0,4.449,4.4566,
2026-01-16 11:29:00,4.46,4.46,4.46,4.46,10.0,4460.0,4.449,4.4566,
2026-01-16 11:30:00,4.46,4.46,4.46,4.45,783.0,348691.0,4.449,4.4568,
2026-01-16 13:01:00,4.46,4.46,4.46,4.46,1150.0,512853.0,4.449,4.4568,
2026-01-16 13:02:00,4.46,4.46,4.47,4.46,975.0,435237.0,4.449,4.4568,
2026-01-16 13:03:00,4.46,4.46,4.47,4.46,104.0,46406.0,4.449,4.457,
2026-01-16 13:04:00,4.46,4.46,4.47,4.46,391.0,174700.0,4.449,4.457199999999999,
2026-01-16 13:05:00,4.46,4.46,4.46,4.46,15.0,6690.0,4.449,4.4572,
2026-01-16 13:06:00,4.46,4.46,4.46,4.46,1877.0,837154.0,4.449,4.4572,
2026-01-16 13:07:00,4.46,4.46,4.46,4.46,523.0,233258.0,4.449,4.457199999999999,
2026-01-16 13:08:00,4.46,4.46,4.47,4.46,1054.0,470087.0,4.449,4.457199999999999,
2026-01-16 13:09:00,4.46,4.48,4.48,4.46,4833.0,2161092.0,4.45,4.4576,
2026-01-16 13:10:00,4.48,4.47,4.48,4.47,916.0,410301.0,4.45,4.457999999999999,
2026-01-16 13:11:00,4.47,4.48,4.48,4.47,585.0,262066.0,4.45,4.4584,
2026-01-16 13:12:00,4.48,4.47,4.48,4.47,263.0,117584.0,4.45,4.4588,
2026-01-16 13:13:00,4.47,4.47,4.48,4.47,349.0,156120.0,4.45,4.4592,
2026-01-16 13:14:00,4.47,4.46,4.47,4.46,1463.0,654052.0,4.451,4.4596,
2026-01-16 13:15:00,4.46,4.47,4.47,4.46,94.0,41928.0,4.451,4.4602,
2026-01-16 13:16:00,4.47,4.47,4.47,4.46,367.0,164048.0,4.451,4.4606,
2026-01-16 13:17:00,4.47,4.46,4.47,4.46,1193.0,532157.0,4.451,4.4608,
2026-01-16 13:18:00,4.46,4.46,4.47,4.46,313.0,139899.0,4.451,4.460999999999999,
2026-01-16 13:19:00,4.46,4.46,4.47,4.46,64.0,28587.0,4.451,4.4614,
2026-01-16 13:20:00,4.46,4.46,4.47,4.46,428.0,191163.0,4.451,4.4618,
2026-01-16 13:21:00,4.46,4.47,4.47,4.47,1267.0,566348.0,4.451,4.4622,
2026-01-16 13:22:00,4.47,4.47,4.47,4.47,232.0,103704.0,4.451,4.4626,
2026-01-16 13:23:00,4.47,4.47,4.47,4.47,98.0,43806.0,4.451,4.4628000000000005,
2026-01-16 13:24:00,4.47,4.48,4.48,4.47,190.0,84937.0,4.451,4.4632,
2026-01-16 13:25:00,4.48,4.47,4.48,4.47,148.0,66207.0,4.451,4.4636000000000005,
2026-01-16 13:26:00,4.47,4.49,4.49,4.47,7285.0,3263560.0,4.452,4.4642,
2026-01-16 13:27:00,4.49,4.5,4.5,4.49,4737.0,2127238.0,4.454,4.465,
2026-01-16 13:28:00,4.5,4.49,4.49,4.49,1197.0,537461.0,4.454,4.465599999999999,
2026-01-16 13:29:00,4.49,4.48,4.49,4.48,224.0,100476.0,4.454,4.466,
2026-01-16 13:30:00,4.48,4.48,4.49,4.48,642.0,287736.0,4.454,4.4662,
2026-01-16 13:31:00,4.48,4.48,4.49,4.48,53.0,23754.0,4.454,4.4664,
2026-01-16 13:32:00,4.48,4.48,4.49,4.48,1801.0,806856.0,4.454,4.466600000000001,
2026-01-16 13:33:00,4.48,4.48,4.48,4.48,336.0,150528.0,4.454,4.467,
2026-01-16 13:34:00,4.48,4.48,4.48,4.48,1.0,448.0,4.454,4.4674000000000005,
2026-01-16 13:35:00,4.48,4.48,4.48,4.48,328.0,147077.0,4.454,4.4677999999999995,
2026-01-16 13:36:00,4.48,4.49,4.49,4.49,52.0,23348.0,4.454,4.4686,
2026-01-16 13:37:00,4.49,4.49,4.49,4.48,139.0,62331.0,4.454,4.4692,
2026-01-16 13:38:00,4.49,4.48,4.49,4.48,876.0,393291.0,4.455,4.469600000000001,
2026-01-16 13:39:00,4.48,4.49,4.49,4.49,598.0,268460.0,4.455,4.4702,
2026-01-16 13:40:00,4.49,4.49,4.49,4.49,478.0,214622.0,4.455,4.471,
2026-01-16 13:41:00,4.49,4.49,4.49,4.48,264.0,118437.0,4.455,4.4716000000000005,
2026-01-16 13:42:00,4.49,4.49,4.49,4.49,321.0,144129.0,4.455,4.4722,
2026-01-16 13:43:00,4.49,4.48,4.49,4.48,108.0,48480.0,4.455,4.4724,
2026-01-16 13:44:00,4.48,4.49,4.49,4.48,11.0,4929.0,4.455,4.4728,
2026-01-16 13:45:00,4.49,4.48,4.49,4.48,385.0,172587.0,4.455,4.4732,
2026-01-16 13:46:00,4.48,4.49,4.49,4.48,75.0,33668.0,4.455,4.473800000000001,
2026-01-16 13:47:00,4.49,4.49,4.49,4.48,201.0,90237.0,4.455,4.4744,
2026-01-16 13:48:00,4.49,4.48,4.48,4.48,58.0,26034.0,4.455,4.4748,
2026-01-16 13:49:00,4.48,4.48,4.49,4.48,186.0,83333.0,4.455,4.4752,
2026-01-16 13:50:00,4.48,4.49,4.49,4.49,68.0,30532.0,4.455,4.4758000000000004,
2026-01-16 13:51:00,4.49,4.48,4.49,4.48,313.0,140506.0,4.455,4.4762,
2026-01-16 13:52:00,4.48,4.47,4.49,4.47,5813.0,2601891.0,4.456,4.4764,
2026-01-16 13:53:00,4.47,4.47,4.47,4.46,486.0,217132.0,4.456,4.4766,
2026-01-16 13:54:00,4.47,4.47,4.47,4.46,285.0,127392.0,4.456,4.4768,
2026-01-16 13:55:00,4.47,4.47,4.47,4.47,597.0,266859.0,4.456,4.477,
2026-01-16 13:56:00,4.47,4.47,4.47,4.47,348.0,155556.0,4.456,4.4772,
2026-01-16 13:57:00,4.47,4.48,4.48,4.46,367.0,164038.0,4.456,4.477600000000001,
2026-01-16 13:58:00,4.48,4.48,4.48,4.48,30.0,13440.0,4.456,4.478,
2026-01-16 13:59:00,4.48,4.48,4.48,4.47,29.0,12965.0,4.456,4.478,
2026-01-16 14:00:00,4.48,4.48,4.48,4.47,240.0,107297.0,4.456,4.4782,
2026-01-16 14:01:00,4.48,4.48,4.48,4.47,2479.0,1110582.0,4.456,4.4782,
2026-01-16 14:02:00,4.48,4.49,4.49,4.48,976.0,437296.0,4.456,4.4786,
2026-01-16 14:03:00,4.49,4.47,4.48,4.47,424.0,189951.0,4.456,4.4786,
2026-01-16 14:04:00,4.47,4.48,4.48,4.47,642.0,287569.0,4.457,4.479,
2026-01-16 14:05:00,4.48,4.48,4.49,4.48,468.0,209687.0,4.457,4.4792000000000005,
2026-01-16 14:06:00,4.48,4.48,4.49,4.48,270.0,121017.0,4.457,4.4794,
2026-01-16 14:07:00,4.48,4.48,4.48,4.48,535.0,239680.0,4.457,4.4798,
2026-01-16 14:08:00,4.48,4.48,4.48,4.47,145.0,64939.0,4.457,4.4802,
2026-01-16 14:09:00,4.48,4.48,4.49,4.48,1853.0,830190.0,4.457,4.4806,
2026-01-16 14:10:00,4.48,4.48,4.48,4.47,129.0,57791.0,4.457,4.481,
2026-01-16 14:11:00,4.48,4.48,4.48,4.48,386.0,172908.0,4.457,4.4812,
2026-01-16 14:12:00,4.48,4.49,4.49,4.48,24.0,10753.0,4.457,4.4816,
2026-01-16 14:13:00,4.49,4.48,4.49,4.48,1500.0,672060.0,4.457,4.4818,
2026-01-16 14:14:00,4.48,4.48,4.49,4.48,909.0,407551.0,4.457,4.4818,
2026-01-16 14:15:00,4.48,4.49,4.49,4.48,1143.0,513101.0,4.458,4.482200000000001,
2026-01-16 14:16:00,4.49,4.49,4.49,4.48,215.0,96465.0,4.458,4.482200000000001,
2026-01-16 14:17:00,4.49,4.48,4.49,4.48,555.0,248686.0,4.458,4.4818,
2026-01-16 14:18:00,4.48,4.48,4.48,4.48,1197.0,536256.0,4.458,4.481600000000001,
2026-01-16 14:19:00,4.48,4.48,4.48,4.48,1573.0,704704.0,4.458,4.4816,
2026-01-16 14:20:00,4.48,4.48,4.49,4.48,198.0,88852.0,4.458,4.4816,
2026-01-16 14:21:00,4.48,4.48,4.49,4.48,359.0,161162.0,4.458,4.4816,
2026-01-16 14:22:00,4.48,4.48,4.48,4.48,127.0,56896.0,4.458,4.4816,4.459700000000001
2026-01-16 14:23:00,4.48,4.48,4.49,4.48,58.0,26006.0,4.458,4.4816,4.460050000000001
2026-01-16 14:24:00,4.48,4.49,4.49,4.48,528.0,236864.0,4.458,4.4818,4.46045
2026-01-16 14:25:00,4.49,4.48,4.49,4.48,1252.0,560869.0,4.458,4.4818,4.46085
2026-01-16 14:26:00,4.48,4.48,4.49,4.48,789.0,353478.0,4.458,4.4816,4.4612
2026-01-16 14:27:00,4.48,4.49,4.49,4.48,175.0,78615.0,4.458,4.481600000000001,4.461650000000001
2026-01-16 14:28:00,4.49,4.48,4.49,4.48,270.0,121018.0,4.458,4.4816,4.4621
2026-01-16 14:29:00,4.48,4.49,4.49,4.48,169.0,75762.0,4.458,4.481600000000001,4.4626
2026-01-16 14:30:00,4.49,4.49,4.49,4.48,131.0,58776.0,4.458,4.4816,4.4631
2026-01-16 14:31:00,4.49,4.47,4.49,4.47,3051.0,1366108.0,4.459,4.4812,4.46345
2026-01-16 14:32:00,4.47,4.48,4.48,4.47,1642.0,735580.0,4.459,4.481,4.46385
2026-01-16 14:33:00,4.48,4.48,4.48,4.47,1447.0,648234.0,4.459,4.481,4.46425
2026-01-16 14:34:00,4.48,4.48,4.48,4.47,144.0,64425.0,4.459,4.4807999999999995,4.464600000000001
2026-01-16 14:35:00,4.48,4.48,4.48,4.47,199.0,88984.0,4.459,4.4808,4.465
2026-01-16 14:36:00,4.48,4.47,4.48,4.47,965.0,432171.0,4.459,4.4804,4.46535
2026-01-16 14:37:00,4.47,4.47,4.48,4.47,116.0,51966.0,4.459,4.48,4.4657
2026-01-16 14:38:00,4.47,4.48,4.48,4.47,165.0,73848.0,4.459,4.48,4.4661
2026-01-16 14:39:00,4.48,4.47,4.48,4.47,401.0,179579.0,4.459,4.4798,4.4664
2026-01-16 14:40:00,4.47,4.47,4.48,4.47,136.0,60811.0,4.459,4.4794,4.4667
2026-01-16 14:41:00,4.47,4.47,4.48,4.47,575.0,257169.0,4.459,4.4792000000000005,4.4667
2026-01-16 14:42:00,4.47,4.47,4.48,4.47,93.0,41596.0,4.459,4.4792000000000005,4.4668
2026-01-16 14:43:00,4.47,4.47,4.48,4.47,1133.0,506861.0,4.459,4.4792000000000005,4.46685
2026-01-16 14:44:00,4.47,4.48,4.48,4.47,345.0,154538.0,4.459,4.479400000000001,4.46695
2026-01-16 14:45:00,4.48,4.48,4.48,4.47,691.0,309545.0,4.459,4.4796000000000005,4.46705
2026-01-16 14:46:00,4.48,4.47,4.48,4.47,387.0,173074.0,4.459,4.4796000000000005,4.46715
2026-01-16 14:47:00,4.47,4.47,4.48,4.47,726.0,324536.0,4.459,4.4794,4.4672
2026-01-16 14:48:00,4.47,4.47,4.48,4.47,255.0,114079.0,4.459,4.4792000000000005,4.46725
2026-01-16 14:49:00,4.47,4.47,4.48,4.47,596.0,266454.0,4.46,4.479,4.46735
2026-01-16 14:50:00,4.47,4.47,4.48,4.47,399.0,178663.0,4.46,4.4788,4.46745
2026-01-16 14:51:00,4.47,4.47,4.48,4.47,1335.0,597011.0,4.46,4.4786,4.46755
2026-01-16 14:52:00,4.47,4.47,4.48,4.47,3947.0,1768063.0,4.46,4.4782,4.46765
2026-01-16 14:53:00,4.47,4.48,4.49,4.47,2975.0,1332723.0,4.46,4.478400000000001,4.4678
2026-01-16 14:54:00,4.48,4.49,4.49,4.48,929.0,416370.0,4.46,4.4786,4.468
2026-01-16 14:55:00,4.49,4.49,4.49,4.48,1919.0,860373.0,4.461,4.4788,4.46825
2026-01-16 14:56:00,4.49,4.48,4.49,4.48,2768.0,1241668.0,4.461,4.4788,4.468450000000001
2026-01-16 14:57:00,4.48,4.49,4.49,4.48,5911.0,2651706.0,4.461,4.479,4.468700000000001
2026-01-16 14:58:00,4.49,4.49,4.49,4.49,13.0,5827.0,4.461,4.4792000000000005,4.4689499999999995
2026-01-16 14:59:00,4.49,4.49,4.49,4.49,0.0,0.0,4.461,4.479400000000001,4.4692
2026-01-16 15:00:00,4.49,4.48,4.48,4.48,5884.0,2636032.0,4.462,4.4794,4.46945
2026-01-19 09:30:00,4.48,4.48,4.48,4.48,533.0,238784.0,4.48,4.4794,4.469650000000001
2026-01-19 09:31:00,4.48,4.48,4.49,4.46,2773.0,1240704.0,4.475,4.4792000000000005,4.46985
2026-01-19 09:32:00,4.48,4.5,4.5,4.48,2406.0,1079885.0,4.481,4.4796000000000005,4.4700999999999995
2026-01-19 09:33:00,4.5,4.5,4.51,4.49,2999.0,1349155.0,4.487,4.48,4.4702
2026-01-19 09:34:00,4.5,4.49,4.51,4.49,2105.0,947351.0,4.49,4.48,4.47025
2026-01-19 09:35:00,4.49,4.51,4.51,4.49,921.0,414425.0,4.49,4.4804,4.4704500000000005
2026-01-19 09:36:00,4.51,4.5,4.5,4.49,4111.0,1849326.0,4.492,4.4808,4.4705
2026-01-19 09:37:00,4.5,4.51,4.51,4.49,3739.0,1682517.0,4.494,4.4814,4.47065
2026-01-19 09:38:00,4.51,4.5,4.51,4.5,1427.0,642562.0,4.495,4.4818,4.4708
2026-01-19 09:39:00,4.5,4.5,4.5,4.49,296.0,133129.0,4.495,4.482200000000001,4.471
2026-01-19 09:40:00,4.5,4.49,4.49,4.48,2912.0,1307239.0,4.494,4.4824,4.4711
2026-01-19 09:41:00,4.49,4.5,4.5,4.49,499.0,224388.0,4.494,4.4828,4.47135
2026-01-19 09:42:00,4.5,4.49,4.5,4.49,548.0,246579.0,4.494,4.4830000000000005,4.471500000000001
2026-01-19 09:43:00,4.49,4.49,4.5,4.49,552.0,247993.0,4.494,4.4830000000000005,4.47165
2026-01-19 09:44:00,4.49,4.49,4.5,4.49,2194.0,986710.0,4.494,4.4832,4.47185
2026-01-19 09:45:00,4.49,4.49,4.5,4.49,836.0,375578.0,4.494,4.4834,4.472
2026-01-19 09:46:00,4.49,4.5,4.5,4.49,329.0,148020.0,4.494,4.4836,4.4722
2026-01-19 09:47:00,4.5,4.5,4.51,4.5,2964.0,1333800.0,4.495,4.484,4.47245
2026-01-19 09:48:00,4.5,4.5,4.5,4.49,1901.0,854486.0,4.495,4.4841999999999995,4.472700000000001
2026-01-19 09:49:00,4.5,4.5,4.5,4.49,646.0,290230.0,4.495,4.4844,4.47295
2026-01-19 09:50:00,4.5,4.48,4.5,4.48,3977.0,1785544.0,4.494,4.4846,4.4731
2026-01-19 09:51:00,4.48,4.48,4.49,4.48,238.0,106634.0,4.494,4.4845999999999995,4.4733
2026-01-19 09:52:00,4.48,4.48,4.49,4.48,484.0,216848.0,4.494,4.4846,4.473450000000001
2026-01-19 09:53:00,4.48,4.48,4.49,4.48,317.0,142153.0,4.494,4.4846,4.47355
2026-01-19 09:54:00,4.48,4.48,4.49,4.48,1316.0,590695.0,4.494,4.4845999999999995,4.4737
2026-01-19 09:55:00,4.48,4.49,4.49,4.48,632.0,283750.0,4.494,4.485,4.4739
2026-01-19 09:56:00,4.49,4.49,4.49,4.48,1128.0,506368.0,4.494,4.4854,4.47405
2026-01-19 09:57:00,4.49,4.49,4.49,4.48,432.0,193952.0,4.494,4.4856,4.4742500000000005
2026-01-19 09:58:00,4.49,4.49,4.49,4.48,602.0,270187.0,4.494,4.486000000000001,4.4744
2026-01-19 09:59:00,4.49,4.49,4.49,4.48,1758.0,787706.0,4.493,4.486400000000001,4.4746
2026-01-19 10:00:00,4.49,4.48,4.49,4.48,534.0,239320.0,4.493,4.4866,4.4746999999999995
2026-01-19 10:01:00,4.48,4.48,4.49,4.48,340.0,152405.0,4.493,4.4868,4.4748
2026-01-19 10:02:00,4.48,4.49,4.49,4.48,300.0,134530.0,4.493,4.4872000000000005,4.475
2026-01-19 10:03:00,4.49,4.48,4.49,4.48,223.0,100000.0,4.493,4.4872000000000005,4.47515
2026-01-19 10:04:00,4.48,4.49,4.49,4.48,442.0,198099.0,4.493,4.4874,4.475300000000001
2026-01-19 10:05:00,4.49,4.48,4.49,4.48,356.0,159526.0,4.493,4.4876000000000005,4.4754000000000005
2026-01-19 10:06:00,4.48,4.49,4.49,4.48,247.0,110749.0,4.492,4.488,4.475550000000001
2026-01-19 10:07:00,4.49,4.48,4.49,4.48,600.0,269092.0,4.492,4.488200000000001,4.47565
2026-01-19 10:08:00,4.48,4.48,4.49,4.48,391.0,175186.0,4.492,4.4884,4.47575
2026-01-19 10:09:00,4.48,4.48,4.49,4.48,790.0,354013.0,4.492,4.4886,4.4759
2026-01-19 10:10:00,4.48,4.48,4.49,4.48,632.0,283146.0,4.492,4.4888,4.476
2026-01-19 10:11:00,4.48,4.48,4.49,4.48,885.0,397083.0,4.492,4.489000000000001,4.4761500000000005
2026-01-19 10:12:00,4.48,4.48,4.49,4.48,934.0,418809.0,4.492,4.489000000000001,4.4763
2026-01-19 10:13:00,4.48,4.49,4.49,4.48,454.0,203424.0,4.492,4.489000000000001,4.4765500000000005
2026-01-19 10:14:00,4.49,4.49,4.49,4.48,1634.0,732761.0,4.491,4.489000000000001,4.4768
2026-01-19 10:15:00,4.49,4.49,4.49,4.48,957.0,429564.0,4.491,4.4892,4.477
2026-01-19 10:16:00,4.49,4.49,4.49,4.48,1568.0,703900.0,4.491,4.4892,4.4772
2026-01-19 10:17:00,4.49,4.49,4.49,4.48,1358.0,609153.0,4.491,4.4892,4.4774
2026-01-19 10:18:00,4.49,4.49,4.49,4.48,366.0,164309.0,4.491,4.4892,4.47765
2026-01-19 10:19:00,4.49,4.5,4.5,4.48,843.0,378475.0,4.491,4.4896,4.47795
2026-01-19 10:20:00,4.5,4.5,4.5,4.49,121.0,54344.0,4.491,4.49,4.4782
2026-01-19 10:21:00,4.5,4.49,4.5,4.49,1349.0,605702.0,4.491,4.4902,4.478400000000001
2026-01-19 10:22:00,4.49,4.5,4.5,4.49,683.0,306679.0,4.491,4.4902,4.4786
2026-01-19 10:23:00,4.5,4.49,4.49,4.49,462.0,207438.0,4.491,4.49,4.47875
2026-01-19 10:24:00,4.49,4.49,4.5,4.49,181.0,81280.0,4.491,4.49,4.47895
2026-01-19 10:25:00,4.49,4.5,4.5,4.49,347.0,155830.0,4.491,4.4898,4.479150000000001
2026-01-19 10:26:00,4.5,4.49,4.5,4.49,423.0,189960.0,4.491,4.489599999999999,4.4793
2026-01-19 10:27:00,4.49,4.49,4.49,4.49,107.0,47993.0,4.491,4.4892,4.479450000000001
2026-01-19 10:28:00,4.49,4.49,4.49,4.48,514.0,230663.0,4.491,4.489000000000001,4.4796000000000005
2026-01-19 10:29:00,4.49,4.49,4.49,4.48,193.0,86637.0,4.491,4.4888,4.4797
2026-01-19 10:30:00,4.49,4.49,4.49,4.49,51.0,22898.0,4.491,4.4888,4.4798
2026-01-19 10:31:00,4.49,4.49,4.49,4.49,32.0,14368.0,4.491,4.4886,4.4799
2026-01-19 10:32:00,4.49,4.48,4.49,4.48,232.0,103955.0,4.491,4.4884,4.48
2026-01-19 10:33:00,4.48,4.49,4.49,4.48,120.0,53763.0,4.491,4.4884,4.48015
2026-01-19 10:34:00,4.49,4.49,4.49,4.48,270.0,121091.0,4.491,4.4884,4.480300000000001
2026-01-19 10:35:00,4.49,4.48,4.49,4.48,534.0,239255.0,4.491,4.488200000000001,4.48045
2026-01-19 10:36:00,4.48,4.49,4.49,4.48,517.0,231628.0,4.491,4.488,4.4806
2026-01-19 10:37:00,4.49,4.49,4.49,4.48,721.0,323171.0,4.491,4.4878,4.4807500000000005
2026-01-19 10:38:00,4.49,4.48,4.49,4.48,598.0,267920.0,4.491,4.487400000000001,4.48085
2026-01-19 10:39:00,4.48,4.48,4.49,4.48,369.0,165412.0,4.491,4.487,4.481
2026-01-19 10:40:00,4.48,4.49,4.49,4.48,63.0,28279.0,4.491,4.4872000000000005,4.48115
2026-01-19 10:41:00,4.49,4.48,4.48,4.48,201.0,90048.0,4.491,4.4872000000000005,4.48125
2026-01-19 10:42:00,4.48,4.48,4.49,4.48,907.0,406479.0,4.49,4.4872000000000005,4.4813
2026-01-19 10:43:00,4.48,4.48,4.48,4.47,661.0,295763.0,4.49,4.4872000000000005,4.48135
2026-01-19 10:44:00,4.48,4.48,4.48,4.47,171.0,76468.0,4.49,4.4872000000000005,4.481450000000001
2026-01-19 10:45:00,4.48,4.48,4.48,4.47,174.0,77791.0,4.49,4.487,4.48155
2026-01-19 10:46:00,4.48,4.47,4.48,4.47,304.0,135912.0,4.49,4.4866,4.481599999999999
2026-01-19 10:47:00,4.47,4.47,4.48,4.47,205.0,91752.0,4.49,4.4862,4.48165
2026-01-19 10:48:00,4.47,4.48,4.48,4.47,129.0,57748.0,4.49,4.486000000000001,4.48175
2026-01-19 10:49:00,4.48,4.48,4.48,4.47,534.0,239074.0,4.49,4.4858,4.48185
2026-01-19 10:50:00,4.48,4.48,4.49,4.47,1343.0,601691.0,4.49,4.4858,4.48195
2026-01-19 10:51:00,4.48,4.49,4.49,4.48,17.0,7624.0,4.49,4.486000000000001,4.4821
2026-01-19 10:52:00,4.49,4.49,4.49,4.48,132.0,59172.0,4.49,4.486000000000001,4.4822500000000005
2026-01-19 10:53:00,4.49,4.49,4.49,4.49,0.0,0.0,4.49,4.4862,4.4824
2026-01-19 10:54:00,4.49,4.49,4.49,4.49,98.0,44002.0,4.49,4.4862,4.48255
2026-01-19 10:55:00,4.49,4.49,4.49,4.48,37.0,16602.0,4.49,4.4864,4.4826999999999995
2026-01-19 10:56:00,4.49,4.49,4.49,4.48,39.0,17478.0,4.49,4.486400000000001,4.48285
2026-01-19 10:57:00,4.49,4.49,4.49,4.48,19.0,8530.0,4.49,4.4866,4.4830000000000005
2026-01-19 10:58:00,4.49,4.49,4.49,4.48,183.0,82119.0,4.49,4.4868,4.48305
2026-01-19 10:59:00,4.49,4.49,4.49,4.48,151.0,67676.0,4.49,4.487,4.48315
2026-01-19 11:00:00,4.49,4.49,4.49,4.48,326.0,146219.0,4.49,4.4872000000000005,4.4832
2026-01-19 11:01:00,4.49,4.48,4.49,4.48,944.0,423002.0,4.49,4.4872000000000005,4.483250000000001
2026-01-19 11:02:00,4.48,4.48,4.49,4.48,118.0,52953.0,4.49,4.4872,4.483300000000001
2026-01-19 11:03:00,4.48,4.48,4.49,4.47,4469.0,2002109.0,4.489,4.487,4.4834
2026-01-19 11:04:00,4.48,4.48,4.49,4.48,269.0,120651.0,4.489,4.4868,4.48345
2026-01-19 11:05:00,4.48,4.48,4.48,4.48,211.0,94528.0,4.489,4.4866,4.4835
2026-01-19 11:06:00,4.48,4.48,4.48,4.48,130.0,58240.0,4.489,4.486400000000001,4.4836
2026-01-19 11:07:00,4.48,4.48,4.48,4.48,41.0,18368.0,4.489,4.4862,4.4837
2026-01-19 11:08:00,4.48,4.48,4.48,4.48,204.0,91392.0,4.489,4.486000000000001,4.4838000000000005
2026-01-19 11:09:00,4.48,4.48,4.48,4.48,800.0,358400.0,4.489,4.4856,4.4839
2026-01-19 11:10:00,4.48,4.48,4.48,4.48,302.0,135161.0,4.489,4.4852,4.48395
2026-01-19 11:11:00,4.48,4.47,4.48,4.47,268.0,119902.0,4.489,4.4848,4.48395
2026-01-19 11:12:00,4.47,4.48,4.48,4.47,1041.0,465868.0,4.489,4.484400000000001,4.484
2026-01-19 11:13:00,4.48,4.48,4.48,4.47,266.0,119138.0,4.489,4.4842,4.484
2026-01-19 11:14:00,4.48,4.48,4.48,4.47,295.0,132140.0,4.489,4.484,4.48405
2026-01-19 11:15:00,4.48,4.48,4.48,4.48,987.0,442311.0,4.488,4.4836,4.484
2026-01-19 11:16:00,4.48,4.48,4.49,4.48,288.0,129032.0,4.488,4.4834000000000005,4.4839
2026-01-19 11:17:00,4.48,4.48,4.49,4.48,150.0,67230.0,4.488,4.4832,4.48385
2026-01-19 11:18:00,4.48,4.48,4.48,4.48,236.0,105773.0,4.488,4.4830000000000005,4.48385
2026-01-19 11:19:00,4.48,4.48,4.48,4.48,66.0,29568.0,4.488,4.482800000000001,4.48385
2026-01-19 11:20:00,4.48,4.49,4.49,4.48,470.0,210842.0,4.488,4.4828,4.4839
2026-01-19 11:21:00,4.49,4.49,4.49,4.49,179.0,80371.0,4.488,4.4828,4.48395
2026-01-19 11:22:00,4.49,4.49,4.49,4.48,54.0,24215.0,4.488,4.4830000000000005,4.484
2026-01-19 11:23:00,4.49,4.48,4.49,4.48,1017.0,455621.0,4.488,4.4828,4.484
2026-01-19 11:24:00,4.48,4.48,4.48,4.48,423.0,189504.0,4.488,4.4826,4.484
2026-01-19 11:25:00,4.48,4.47,4.48,4.47,349.0,156349.0,4.488,4.4824,4.4839
2026-01-19 11:26:00,4.47,4.47,4.47,4.47,21.0,9387.0,4.488,4.482,4.4838000000000005
2026-01-19 11:27:00,4.47,4.48,4.48,4.48,131.0,58688.0,4.488,4.481800000000001,4.4838000000000005
2026-01-19 11:28:00,4.48,4.47,4.48,4.47,39.0,17469.0,4.488,4.4816,4.4837
2026-01-19 11:29:00,4.47,4.48,4.48,4.47,84.0,37603.0,4.488,4.4816,4.48365
2026-01-19 11:30:00,4.48,4.47,4.48,4.47,116.0,51944.0,4.488,4.4812,4.48355
2026-01-19 13:01:00,4.47,4.48,4.48,4.47,1925.0,860699.0,4.488,4.4812,4.4835
2026-01-19 13:02:00,4.48,4.47,4.47,4.46,3541.0,1582708.0,4.487,4.481,4.48345
2026-01-19 13:03:00,4.47,4.47,4.47,4.46,75.0,33481.0,4.487,4.4808,4.48335
2026-01-19 13:04:00,4.47,4.47,4.47,4.46,1882.0,841121.0,4.487,4.480600000000001,4.483300000000001
2026-01-19 13:05:00,4.47,4.48,4.48,4.48,103.0,46144.0,4.487,4.4806,4.483250000000001
2026-01-19 13:06:00,4.48,4.48,4.48,4.47,592.0,264664.0,4.487,4.4807999999999995,4.4832
2026-01-19 13:07:00,4.48,4.47,4.48,4.47,3453.0,1545954.0,4.486,4.4807999999999995,4.48315
2026-01-19 13:08:00,4.47,4.47,4.47,4.47,27.0,12069.0,4.486,4.4806,4.4831
2026-01-19 13:09:00,4.47,4.47,4.47,4.47,70.0,31290.0,4.486,4.4804,4.4830000000000005
2026-01-19 13:10:00,4.47,4.47,4.47,4.47,45.0,20115.0,4.486,4.4802,4.48295
2026-01-19 13:11:00,4.47,4.47,4.48,4.47,321.0,143517.0,4.486,4.4798,4.48295
2026-01-19 13:12:00,4.47,4.47,4.47,4.47,124.0,55432.0,4.486,4.479400000000001,4.48295
2026-01-19 13:13:00,4.47,4.47,4.47,4.47,69.0,30843.0,4.486,4.479,4.48295
2026-01-19 13:14:00,4.47,4.48,4.48,4.47,75.0,33576.0,4.486,4.4788,4.4830000000000005
2026-01-19 13:15:00,4.48,4.48,4.48,4.47,69.0,30902.0,4.486,4.4786,4.48305
2026-01-19 13:16:00,4.48,4.47,4.48,4.47,147.0,65737.0,4.486,4.4782,4.4830000000000005
2026-01-19 13:17:00,4.47,4.48,4.48,4.47,180.0,80489.0,4.486,4.478,4.4830000000000005
2026-01-19 13:18:00,4.48,4.48,4.48,4.47,649.0,290702.0,4.486,4.4778,4.4830000000000005
2026-01-19 13:19:00,4.48,4.48,4.48,4.48,190.0,85120.0,4.486,4.477600000000001,4.4830000000000005
2026-01-19 13:20:00,4.48,4.48,4.48,4.47,218.0,97582.0,4.486,4.4774,4.4830000000000005
2026-01-19 13:21:00,4.48,4.48,4.48,4.47,1948.0,870959.0,4.486,4.4774,4.48295
2026-01-19 13:22:00,4.48,4.47,4.47,4.47,239.0,106833.0,4.486,4.4772,4.482950000000001
2026-01-19 13:23:00,4.47,4.48,4.48,4.47,358.0,160028.0,4.486,4.4772,4.48295
2026-01-19 13:24:00,4.48,4.47,4.47,4.47,75.0,33525.0,4.486,4.477,4.4829
2026-01-19 13:25:00,4.47,4.48,4.48,4.47,268.0,119807.0,4.486,4.477,4.4829
2026-01-19 13:26:00,4.48,4.47,4.47,4.47,145.0,64839.0,4.486,4.4768,4.48285
2026-01-19 13:27:00,4.47,4.48,4.48,4.47,157.0,70180.0,4.486,4.476800000000001,4.48285
2026-01-19 13:28:00,4.48,4.47,4.47,4.47,1047.0,468009.0,4.485,4.4766,4.4828
2026-01-19 13:29:00,4.47,4.48,4.48,4.47,9.0,4028.0,4.485,4.4766,4.4828
2026-01-19 13:30:00,4.48,4.47,4.48,4.47,87.0,38970.0,4.485,4.476400000000001,4.48275
2026-01-19 13:31:00,4.47,4.48,4.48,4.47,60.0,26854.0,4.485,4.4766,4.4827
2026-01-19 13:32:00,4.48,4.48,4.48,4.48,0.0,0.0,4.485,4.4766,4.4827
2026-01-19 13:33:00,4.48,4.47,4.47,4.47,120.0,53640.0,4.485,4.476400000000001,4.48265
2026-01-19 13:34:00,4.47,4.48,4.48,4.47,148.0,66192.0,4.485,4.4764,4.4826
2026-01-19 13:35:00,4.48,4.47,4.48,4.47,87.0,38903.0,4.485,4.4762,4.4825
2026-01-19 13:36:00,4.47,4.47,4.47,4.47,2475.0,1106330.0,4.485,4.476,4.48245
2026-01-19 13:37:00,4.47,4.47,4.47,4.47,408.0,182369.0,4.485,4.4758,4.482400000000001
2026-01-19 13:38:00,4.47,4.47,4.47,4.46,116.0,51843.0,4.485,4.4756,4.48235
2026-01-19 13:39:00,4.47,4.46,4.47,4.46,3860.0,1721597.0,4.484,4.4752,4.4822500000000005
2026-01-19 13:40:00,4.46,4.46,4.47,4.46,1025.0,458097.0,4.484,4.474600000000001,4.482150000000001
2026-01-19 13:41:00,4.46,4.46,4.47,4.46,2443.0,1089625.0,4.483,4.474,4.48205
2026-01-19 13:42:00,4.46,4.46,4.46,4.46,863.0,384900.0,4.483,4.4734,4.48195
2026-01-19 13:43:00,4.46,4.46,4.46,4.46,201.0,89646.0,4.483,4.473,4.4818
2026-01-19 13:44:00,4.46,4.47,4.47,4.46,586.0,261408.0,4.483,4.4728,4.48175
2026-01-19 13:45:00,4.47,4.47,4.47,4.47,500.0,223500.0,4.483,4.4728,4.4817
2026-01-19 13:46:00,4.47,4.47,4.47,4.47,232.0,103520.0,4.483,4.4728,4.4816
2026-01-19 13:47:00,4.47,4.46,4.46,4.46,26.0,11596.0,4.483,4.4724,4.4815000000000005
2026-01-19 13:48:00,4.46,4.46,4.46,4.46,0.0,0.0,4.483,4.4722,4.48135
2026-01-19 13:49:00,4.46,4.47,4.47,4.46,85.0,37964.0,4.483,4.4719999999999995,4.48125
2026-01-19 13:50:00,4.47,4.47,4.47,4.47,98.0,43806.0,4.483,4.4719999999999995,4.48125
2026-01-19 13:51:00,4.47,4.47,4.47,4.46,353.0,157630.0,4.483,4.471799999999999,4.4812
2026-01-19 13:52:00,4.47,4.47,4.47,4.46,608.0,271242.0,4.483,4.471799999999999,4.48115
2026-01-19 13:53:00,4.47,4.46,4.47,4.46,61.0,27250.0,4.483,4.4716,4.48105
2026-01-19 13:54:00,4.46,4.46,4.47,4.46,244.0,108836.0,4.483,4.4714,4.48095
2026-01-19 13:55:00,4.46,4.47,4.47,4.46,188.0,83857.0,4.483,4.4712,4.48095
2026-01-19 13:56:00,4.47,4.46,4.47,4.46,381.0,169934.0,4.483,4.4708000000000006,4.4809
2026-01-19 13:57:00,4.46,4.45,4.46,4.45,1338.0,596855.0,4.482,4.470400000000001,4.4807500000000005
2026-01-19 13:58:00,4.45,4.46,4.46,4.45,1604.0,715185.0,4.482,4.4702,4.4807
2026-01-19 13:59:00,4.46,4.45,4.46,4.45,394.0,175648.0,4.482,4.4698,4.4806
2026-01-19 14:00:00,4.45,4.46,4.46,4.45,84.0,37437.0,4.482,4.4696,4.48055
2026-01-19 14:01:00,4.46,4.46,4.46,4.45,351.0,156494.0,4.482,4.4694,4.4805
2026-01-19 14:02:00,4.46,4.46,4.46,4.45,897.0,400006.0,4.482,4.4692,4.48045
2026-01-19 14:03:00,4.46,4.47,4.47,4.46,170.0,75931.0,4.482,4.4692,4.4804
2026-01-19 14:04:00,4.47,4.46,4.47,4.46,107.0,47806.0,4.482,4.4688,4.480300000000001
2026-01-19 14:05:00,4.46,4.46,4.47,4.46,458.0,204526.0,4.482,4.4684,4.48025
2026-01-19 14:06:00,4.46,4.47,4.47,4.46,459.0,204771.0,4.482,4.4684,4.480250000000001
2026-01-19 14:07:00,4.47,4.47,4.47,4.46,17.0,7583.0,4.482,4.4681999999999995,4.480250000000001
2026-01-19 14:08:00,4.47,4.46,4.46,4.46,1.0,446.0,4.482,4.4678,4.4802
2026-01-19 14:09:00,4.46,4.49,4.49,4.47,12215.0,5467907.0,4.481,4.468,4.4803
2026-01-19 14:10:00,4.49,4.49,4.49,4.49,158.0,70917.0,4.481,4.4681999999999995,4.4804
2026-01-19 14:11:00,4.49,4.49,4.49,4.48,225.0,101024.0,4.481,4.4684,4.4805
2026-01-19 14:12:00,4.49,4.49,4.49,4.48,1398.0,627677.0,4.481,4.4688,4.48055
2026-01-19 14:13:00,4.49,4.48,4.49,4.48,273.0,122377.0,4.481,4.4688,4.4805
2026-01-19 14:14:00,4.48,4.49,4.49,4.48,487.0,218303.0,4.481,4.4692,4.4805
2026-01-19 14:15:00,4.49,4.49,4.49,4.48,1352.0,606985.0,4.481,4.4694,4.48055
2026-01-19 14:16:00,4.49,4.48,4.48,4.48,3444.0,1542909.0,4.481,4.4696,4.4805
2026-01-19 14:17:00,4.48,4.48,4.48,4.48,3.0,1344.0,4.481,4.469600000000001,4.48045
2026-01-19 14:18:00,4.48,4.48,4.48,4.47,1412.0,632526.0,4.481,4.469799999999999,4.4804
2026-01-19 14:19:00,4.48,4.48,4.48,4.47,3414.0,1526267.0,4.481,4.4698,4.4804
2026-01-19 14:20:00,4.48,4.48,4.48,4.48,122.0,54656.0,4.481,4.47,4.4804
2026-01-19 14:21:00,4.48,4.48,4.48,4.48,278.0,124544.0,4.481,4.47,4.4804
2026-01-19 14:22:00,4.48,4.48,4.48,4.47,639.0,286034.0,4.481,4.47,4.480300000000001
2026-01-19 14:23:00,4.48,4.49,4.49,4.48,42.0,18817.0,4.481,4.4704,4.480250000000001
2026-01-19 14:24:00,4.49,4.49,4.49,4.49,72.0,32328.0,4.481,4.4706,4.480250000000001
2026-01-19 14:25:00,4.49,4.49,4.49,4.48,168.0,75422.0,4.481,4.471,4.48015
2026-01-19 14:26:00,4.49,4.49,4.49,4.49,582.0,261318.0,4.481,4.4714,4.4801
2026-01-19 14:27:00,4.49,4.48,4.49,4.48,699.0,313837.0,4.481,4.4716000000000005,4.47995
2026-01-19 14:28:00,4.48,4.48,4.49,4.48,1366.0,612021.0,4.481,4.4718,4.47985
2026-01-19 14:29:00,4.48,4.48,4.49,4.48,1084.0,485643.0,4.481,4.4722,4.47975
2026-01-19 14:30:00,4.48,4.48,4.48,4.47,290.0,129890.0,4.481,4.4726,4.4797
2026-01-19 14:31:00,4.48,4.48,4.49,4.48,1117.0,500466.0,4.481,4.473,4.4796000000000005
2026-01-19 14:32:00,4.48,4.48,4.49,4.48,73.0,32705.0,4.481,4.473400000000001,4.47955
2026-01-19 14:33:00,4.48,4.48,4.49,4.48,880.0,394251.0,4.481,4.4738,4.4795
2026-01-19 14:34:00,4.48,4.49,4.49,4.48,110.0,49353.0,4.481,4.4742,4.4795
2026-01-19 14:35:00,4.49,4.49,4.49,4.49,22.0,9878.0,4.481,4.4746,4.4795
2026-01-19 14:36:00,4.49,4.49,4.49,4.48,157.0,70492.0,4.481,4.475,4.47945
2026-01-19 14:37:00,4.49,4.48,4.49,4.48,114.0,51105.0,4.481,4.4754000000000005,4.47935
2026-01-19 14:38:00,4.48,4.49,4.49,4.48,17.0,7630.0,4.481,4.476,4.4793
2026-01-19 14:39:00,4.49,4.48,4.49,4.48,144.0,64632.0,4.481,4.4762,4.4792000000000005
2026-01-19 14:40:00,4.48,4.49,4.49,4.48,567.0,254333.0,4.481,4.4766,4.47925
2026-01-19 14:41:00,4.49,4.49,4.49,4.48,239.0,107201.0,4.481,4.477,4.4793
2026-01-19 14:42:00,4.49,4.48,4.49,4.48,383.0,171904.0,4.481,4.4772,4.4793
2026-01-19 14:43:00,4.48,4.48,4.49,4.48,750.0,336588.0,4.481,4.477600000000001,4.4793
2026-01-19 14:44:00,4.48,4.48,4.49,4.48,1577.0,707973.0,4.481,4.478,4.4793
2026-01-19 14:45:00,4.48,4.48,4.49,4.48,385.0,172822.0,4.481,4.4782,4.47925
2026-01-19 14:46:00,4.48,4.48,4.49,4.48,321.0,144067.0,4.481,4.4786,4.4792000000000005
2026-01-19 14:47:00,4.48,4.49,4.49,4.48,538.0,241476.0,4.481,4.479400000000001,4.4792000000000005
2026-01-19 14:48:00,4.49,4.48,4.49,4.48,138.0,61910.0,4.481,4.4798,4.47915
2026-01-19 14:49:00,4.48,4.49,4.49,4.49,112.0,50218.0,4.481,4.480600000000001,4.479150000000001
2026-01-19 14:50:00,4.49,4.49,4.49,4.48,967.0,434015.0,4.481,4.4812,4.4792000000000005
2026-01-19 14:51:00,4.49,4.49,4.49,4.49,1021.0,458429.0,4.481,4.4818,4.47925
2026-01-19 14:52:00,4.49,4.49,4.49,4.48,1317.0,591311.0,4.482,4.482400000000001,4.47925
2026-01-19 14:53:00,4.49,4.48,4.49,4.48,706.0,316470.0,4.482,4.482600000000001,4.47925
2026-01-19 14:54:00,4.48,4.48,4.49,4.48,715.0,321008.0,4.482,4.4830000000000005,4.4792000000000005
2026-01-19 14:55:00,4.48,4.49,4.49,4.48,874.0,391955.0,4.482,4.4836,4.47925
2026-01-19 14:56:00,4.49,4.49,4.49,4.48,4227.0,1897040.0,4.482,4.484,4.47925
2026-01-19 14:57:00,4.49,4.5,4.5,4.49,512.0,230236.0,4.482,4.4846,4.47935
2026-01-19 14:58:00,4.5,4.5,4.5,4.5,130.0,58500.0,4.482,4.4854,4.479450000000001
2026-01-19 14:59:00,4.5,4.5,4.5,4.5,0.0,0.0,4.482,4.485600000000001,4.479550000000001
2026-01-19 15:00:00,4.5,4.5,4.5,4.5,6077.0,2734650.0,4.482,4.4858,4.47965
2026-01-20 09:30:00,4.51,4.51,4.51,4.51,979.0,441529.0,4.51,4.4862,4.4798
2026-01-20 09:31:00,4.5,4.48,4.5,4.47,2452.0,1099078.0,4.49,4.486000000000001,4.4798
2026-01-20 09:32:00,4.48,4.48,4.49,4.47,3549.0,1587975.0,4.482,4.486000000000001,4.479749999999999
2026-01-20 09:33:00,4.48,4.49,4.5,4.47,1552.0,697172.0,4.484,4.486000000000001,4.47975
2026-01-20 09:34:00,4.49,4.49,4.49,4.48,451.0,202463.0,4.484,4.486000000000001,4.47975
2026-01-20 09:35:00,4.49,4.49,4.5,4.48,552.0,247959.0,4.485,4.4862,4.47975
2026-01-20 09:36:00,4.49,4.49,4.5,4.49,611.0,274760.0,4.485,4.486400000000001,4.47975
2026-01-20 09:37:00,4.49,4.48,4.5,4.48,1639.0,736347.0,4.487,4.486400000000001,4.4797
2026-01-20 09:38:00,4.48,4.49,4.49,4.48,1105.0,496110.0,4.487,4.4866,4.47965
2026-01-20 09:39:00,4.49,4.48,4.5,4.48,1490.0,669129.0,4.487,4.4866,4.479550000000001
2026-01-20 09:40:00,4.48,4.48,4.5,4.48,908.0,408014.0,4.488,4.4866,4.479500000000001
2026-01-20 09:41:00,4.48,4.48,4.48,4.48,305.0,136640.0,4.487,4.4866,4.4794
2026-01-20 09:42:00,4.48,4.48,4.49,4.48,380.0,170260.0,4.487,4.486400000000001,4.47935
2026-01-20 09:43:00,4.48,4.49,4.5,4.48,1366.0,613136.0,4.487,4.486400000000001,4.47935
2026-01-20 09:44:00,4.49,4.5,4.5,4.49,228.0,102531.0,4.487,4.4866,4.47935
2026-01-20 09:45:00,4.49,4.49,4.5,4.49,471.0,211528.0,4.488,4.486600000000001,4.47935
2026-01-20 09:46:00,4.49,4.49,4.5,4.49,1432.0,643014.0,4.488,4.4868,4.47935
2026-01-20 09:47:00,4.49,4.49,4.5,4.49,1005.0,451842.0,4.488,4.487,4.47935
2026-01-20 09:48:00,4.5,4.49,4.5,4.49,835.0,374930.0,4.488,4.4872000000000005,4.47935
2026-01-20 09:49:00,4.49,4.49,4.5,4.49,687.0,308750.0,4.488,4.4874,4.47935
2026-01-20 09:50:00,4.5,4.5,4.51,4.5,5185.0,2334153.0,4.491,4.4878,4.479400000000001
2026-01-20 09:51:00,4.51,4.5,4.51,4.5,225.0,101340.0,4.491,4.4882,4.479500000000001
2026-01-20 09:52:00,4.51,4.5,4.51,4.5,159.0,71590.0,4.491,4.4886,4.479550000000001
2026-01-20 09:53:00,4.51,4.51,4.51,4.5,368.0,165836.0,4.491,4.489000000000001,4.47965
2026-01-20 09:54:00,4.51,4.5,4.51,4.5,1096.0,493435.0,4.492,4.4892,4.47975
2026-01-20 09:55:00,4.5,4.5,4.51,4.5,512.0,230440.0,4.492,4.489400000000001,4.4798
2026-01-20 09:56:00,4.5,4.5,4.51,4.49,2314.0,1041770.0,4.493,4.4898,4.47985
2026-01-20 09:57:00,4.5,4.5,4.5,4.49,674.0,302994.0,4.493,4.49,4.47995
2026-01-20 09:58:00,4.51,4.5,4.51,4.5,5333.0,2400117.0,4.494,4.4904,4.48005
2026-01-20 09:59:00,4.5,4.5,4.51,4.5,181.0,81451.0,4.494,4.490600000000001,4.4801
2026-01-20 10:00:00,4.5,4.5,4.5,4.49,1613.0,725851.0,4.494,4.4908,4.4802
2026-01-20 10:01:00,4.5,4.5,4.5,4.49,656.0,295166.0,4.494,4.491200000000001,4.480300000000001
2026-01-20 10:02:00,4.5,4.5,4.5,4.49,334.0,150204.0,4.494,4.4916,4.4804
2026-01-20 10:03:00,4.5,4.5,4.5,4.49,844.0,379298.0,4.494,4.492000000000001,4.4805
2026-01-20 10:04:00,4.5,4.5,4.5,4.49,784.0,352736.0,4.494,4.492400000000001,4.4806
2026-01-20 10:05:00,4.5,4.5,4.5,4.49,508.0,228568.0,4.494,4.4928,4.4807500000000005
2026-01-20 10:06:00,4.5,4.51,4.51,4.49,3749.0,1687038.0,4.495,4.4932,4.48095
2026-01-20 10:07:00,4.51,4.51,4.51,4.51,889.0,400929.0,4.495,4.4938,4.4811000000000005
2026-01-20 10:08:00,4.5,4.51,4.51,4.5,505.0,227686.0,4.495,4.4942,4.48125
2026-01-20 10:09:00,4.51,4.5,4.51,4.5,731.0,328980.0,4.495,4.494400000000001,4.48135
2026-01-20 10:10:00,4.5,4.51,4.51,4.5,852.0,383668.0,4.495,4.494800000000001,4.48145
2026-01-20 10:11:00,4.51,4.5,4.51,4.5,177.0,79787.0,4.496,4.495,4.4815
2026-01-20 10:12:00,4.51,4.51,4.51,4.51,199.0,89744.0,4.496,4.4956,4.4816
2026-01-20 10:13:00,4.5,4.5,4.51,4.5,236.0,106315.0,4.496,4.496,4.48165
2026-01-20 10:14:00,4.5,4.5,4.51,4.5,557.0,250873.0,4.496,4.4962,4.4817
2026-01-20 10:15:00,4.51,4.5,4.51,4.5,1835.0,825878.0,4.496,4.4963999999999995,4.48175
2026-01-20 10:16:00,4.5,4.5,4.5,4.49,598.0,268922.0,4.496,4.4963999999999995,4.4818
2026-01-20 10:17:00,4.49,4.49,4.5,4.49,1311.0,588669.0,4.496,4.4962,4.4818
2026-01-20 10:18:00,4.5,4.49,4.5,4.49,988.0,444177.0,4.496,4.496,4.4818
2026-01-20 10:19:00,4.49,4.49,4.5,4.48,2835.0,1272760.0,4.495,4.4958,4.4818
2026-01-20 10:20:00,4.48,4.49,4.49,4.48,988.0,443571.0,4.495,4.4954,4.48185
2026-01-20 10:21:00,4.49,4.5,4.5,4.49,310.0,139172.0,4.495,4.4958,4.48195
2026-01-20 10:22:00,4.5,4.5,4.5,4.49,1500.0,673803.0,4.495,4.4962,4.48205
2026-01-20 10:23:00,4.5,4.49,4.5,4.48,733.0,329162.0,4.495,4.4962,4.4821
2026-01-20 10:24:00,4.49,4.48,4.49,4.48,350.0,156997.0,4.495,4.496,4.4821
2026-01-20 10:25:00,4.49,4.49,4.49,4.48,1033.0,463505.0,4.495,4.496,4.482150000000001
2026-01-20 10:26:00,4.49,4.49,4.49,4.48,654.0,293079.0,4.495,4.4959999999999996,4.482200000000001
2026-01-20 10:27:00,4.48,4.48,4.49,4.48,2480.0,1111195.0,4.494,4.496,4.4822
2026-01-20 10:28:00,4.48,4.48,4.48,4.47,968.0,433139.0,4.494,4.4958,4.4822
2026-01-20 10:29:00,4.49,4.47,4.49,4.47,1838.0,823483.0,4.494,4.4956,4.482150000000001
2026-01-20 10:30:00,4.49,4.48,4.49,4.48,175.0,78500.0,4.494,4.4956000000000005,4.482200000000001
2026-01-20 10:31:00,4.48,4.49,4.49,4.48,241.0,107991.0,4.494,4.4958,4.4822500000000005
2026-01-20 10:32:00,4.49,4.49,4.49,4.48,280.0,125476.0,4.494,4.496,4.4823
2026-01-20 10:33:00,4.48,4.48,4.49,4.48,324.0,145277.0,4.494,4.4958,4.4823
2026-01-20 10:34:00,4.48,4.49,4.49,4.48,2031.0,910022.0,4.493,4.4956,4.482349999999999
2026-01-20 10:35:00,4.49,4.48,4.49,4.48,207.0,92833.0,4.493,4.4954,4.48235
2026-01-20 10:36:00,4.48,4.48,4.49,4.48,270.0,121066.0,4.493,4.4952000000000005,4.48235
2026-01-20 10:37:00,4.48,4.49,4.49,4.48,120.0,53816.0,4.493,4.4952,4.4824
2026-01-20 10:38:00,4.48,4.49,4.49,4.48,98.0,43959.0,4.493,4.4952,4.48245
2026-01-20 10:39:00,4.48,4.48,4.49,4.48,1196.0,536820.0,4.493,4.495,4.4824
2026-01-20 10:40:00,4.49,4.49,4.5,4.49,737.0,330928.0,4.493,4.494800000000001,4.4824
2026-01-20 10:41:00,4.5,4.49,4.5,4.49,103.0,46249.0,4.493,4.4946,4.4824
2026-01-20 10:42:00,4.5,4.5,4.5,4.49,56.0,25157.0,4.493,4.4946,4.482500000000001
2026-01-20 10:43:00,4.49,4.49,4.49,4.48,280.0,125719.0,4.493,4.494199999999999,4.482550000000001
2026-01-20 10:44:00,4.49,4.48,4.49,4.48,1306.0,586380.0,4.493,4.4938,4.4826
2026-01-20 10:45:00,4.49,4.49,4.49,4.48,243.0,108996.0,4.493,4.4936,4.4826999999999995
2026-01-20 10:46:00,4.49,4.49,4.5,4.49,772.0,346646.0,4.493,4.493399999999999,4.482749999999999
2026-01-20 10:47:00,4.49,4.49,4.49,4.49,142.0,63758.0,4.493,4.4932,4.48285
2026-01-20 10:48:00,4.49,4.49,4.49,4.49,447.0,200703.0,4.493,4.493,4.4829
2026-01-20 10:49:00,4.5,4.49,4.5,4.48,60.0,26945.0,4.493,4.4928,4.4830000000000005
2026-01-20 10:50:00,4.49,4.49,4.49,4.49,96.0,43104.0,4.493,4.4925999999999995,4.48305
2026-01-20 10:51:00,4.49,4.48,4.49,4.48,229.0,102747.0,4.493,4.4921999999999995,4.4831
2026-01-20 10:52:00,4.48,4.49,4.49,4.48,109.0,48920.0,4.493,4.492,4.4832
2026-01-20 10:53:00,4.48,4.49,4.49,4.48,368.0,165200.0,4.493,4.4918000000000005,4.483300000000001
2026-01-20 10:54:00,4.48,4.49,4.49,4.48,408.0,182915.0,4.493,4.4916,4.483350000000001
2026-01-20 10:55:00,4.48,4.49,4.49,4.48,70.0,31418.0,4.493,4.4914,4.4834000000000005
2026-01-20 10:56:00,4.49,4.49,4.5,4.49,2911.0,1304632.0,4.492,4.4910000000000005,4.483499999999999
2026-01-20 10:57:00,4.49,4.49,4.5,4.49,140.0,62888.0,4.492,4.490600000000001,4.4836
2026-01-20 10:58:00,4.49,4.49,4.49,4.48,163.0,73067.0,4.492,4.4902,4.4837
2026-01-20 10:59:00,4.49,4.49,4.49,4.48,10.0,4489.0,4.492,4.49,4.4838
2026-01-20 11:00:00,4.49,4.49,4.49,4.49,32.0,14368.0,4.492,4.4896,4.4839
2026-01-20 11:01:00,4.49,4.49,4.49,4.48,163.0,73174.0,4.492,4.4894,4.484
2026-01-20 11:02:00,4.49,4.48,4.49,4.48,976.0,438163.0,4.492,4.4888,4.48405
2026-01-20 11:03:00,4.48,4.48,4.48,4.48,0.0,0.0,4.492,4.4884,4.48405
2026-01-20 11:04:00,4.49,4.48,4.49,4.48,80.0,35903.0,4.492,4.488,4.48405
2026-01-20 11:05:00,4.48,4.49,4.49,4.48,218.0,97875.0,4.492,4.4878,4.4841500000000005
2026-01-20 11:06:00,4.48,4.48,4.48,4.48,77.0,34496.0,4.492,4.4874,4.4841500000000005
2026-01-20 11:07:00,4.49,4.48,4.49,4.48,3.0,1346.0,4.492,4.4872000000000005,4.4841500000000005
2026-01-20 11:08:00,4.47,4.48,4.48,4.47,2989.0,1338991.0,4.492,4.487,4.4841500000000005
2026-01-20 11:09:00,4.47,4.48,4.48,4.47,81.0,36271.0,4.492,4.486800000000001,4.4841500000000005
2026-01-20 11:10:00,4.47,4.47,4.48,4.47,131.0,58575.0,4.492,4.486400000000001,4.484100000000001
2026-01-20 11:11:00,4.48,4.48,4.48,4.48,45.0,20160.0,4.492,4.486000000000001,4.48415
2026-01-20 11:12:00,4.48,4.48,4.48,4.47,26.0,11647.0,4.492,4.4856,4.4841500000000005
2026-01-20 11:13:00,4.48,4.47,4.48,4.47,74.0,33094.0,4.492,4.4852,4.4841500000000005
2026-01-20 11:14:00,4.47,4.48,4.49,4.47,1766.0,791144.0,4.492,4.485200000000001,4.4841500000000005
2026-01-20 11:15:00,4.49,4.49,4.49,4.48,15.0,6723.0,4.492,4.4852,4.48425
2026-01-20 11:16:00,4.49,4.49,4.49,4.49,160.0,71840.0,4.492,4.485200000000001,4.4843
2026-01-20 11:17:00,4.49,4.49,4.49,4.49,207.0,92943.0,4.492,4.4854,4.484400000000001
2026-01-20 11:18:00,4.49,4.49,4.49,4.49,5.0,2245.0,4.492,4.485600000000001,4.484450000000001
2026-01-20 11:19:00,4.49,4.49,4.49,4.48,177.0,79452.0,4.492,4.486000000000001,4.4845500000000005
2026-01-20 11:20:00,4.49,4.49,4.49,4.48,82.0,36767.0,4.492,4.4862,4.4845999999999995
2026-01-20 11:21:00,4.49,4.49,4.49,4.48,833.0,374003.0,4.492,4.4862,4.484649999999999
2026-01-20 11:22:00,4.49,4.49,4.49,4.49,3.0,1347.0,4.492,4.4862,4.48475
2026-01-20 11:23:00,4.49,4.48,4.49,4.48,234.0,105057.0,4.492,4.4862,4.48475
2026-01-20 11:24:00,4.49,4.48,4.49,4.48,6.0,2693.0,4.492,4.486000000000001,4.4848
2026-01-20 11:25:00,4.48,4.49,4.49,4.48,354.0,158928.0,4.491,4.4862,4.4849
2026-01-20 11:26:00,4.48,4.49,4.49,4.48,204.0,91594.0,4.491,4.4864,4.485
2026-01-20 11:27:00,4.48,4.48,4.48,4.48,6.0,2688.0,4.491,4.4862,4.48505
2026-01-20 11:28:00,4.48,4.49,4.49,4.48,8.0,3591.0,4.491,4.4862,4.485200000000001
2026-01-20 11:29:00,4.48,4.48,4.49,4.47,3127.0,1400880.0,4.491,4.4862,4.4853
2026-01-20 11:30:00,4.47,4.48,4.48,4.47,375.0,167827.0,4.491,4.486000000000001,4.4854
