date,open,close,high,low,volume,成交额,均价,ma50,ma200
2026-08-03 11:00:00,3.92,3.93,3.94,3.92,2200.0,864600.0,3.927,,
2026-08-03 11:01:00,3.93,3.94,3.95,3.93,1959.0,771896.0,3.928,,
2026-08-03 11:02:00,3.94,3.94,3.95,3.94,532.0,209672.0,3.928,,
2026-08-03 11:03:00,3.94,3.94,3.95,3.94,197.0,77741.0,3.928,,
2026-08-03 11:04:00,3.94,3.94,3.95,3.94,113.0,44525.0,3.928,,
2026-08-03 11:05:00,3.94,3.94,3.95,3.94,507.0,199765.0,3.928,,
2026-08-03 11:06:00,3.94,3.94,3.95,3.94,54.0,21298.0,3.928,,
2026-08-03 11:07:00,3.94,3.94,3.95,3.94,473.0,186796.0,3.928,,
2026-08-03 11:08:00,3.94,3.94,3.95,3.94,151.0,59605.0,3.928,,
2026-08-03 11:09:00,3.94,3.94,3.95,3.94,183.0,72257.0,3.928,,
2026-08-03 11:10:00,3.94,3.94,3.95,3.94,101.0,39828.0,3.928,,
2026-08-03 11:11:00,3.94,3.95,3.95,3.94,103.0,40640.0,3.928,,
2026-08-03 11:12:00,3.95,3.94,3.95,3.94,81.0,31946.0,3.928,,
2026-08-03 11:13:00,3.94,3.94,3.95,3.94,110.0,43353.0,3.928,,
2026-08-03 11:14:00,3.94,3.94,3.95,3.94,33.0,13003.0,3.928,,
2026-08-03 11:15:00,3.94,3.94,3.95,3.94,83.0,32739.0,3.928,,
2026-08-03 11:16:00,3.94,3.95,3.95,3.94,981.0,386544.0,3.928,,
2026-08-03 11:17:00,3.95,3.94,3.95,3.94,102.0,40198.0,3.928,,
2026-08-03 11:18:00,3.94,3.94,3.95,3.94,1239.0,488199.0,3.928,,
2026-08-03 11:19:00,3.94,3.94,3.94,3.93,61.0,24024.0,3.928,,
2026-08-03 11:20:00,3.94,3.93,3.94,3.93,34.0,13364.0,3.928,,
2026-08-03 11:21:00,3.93,3.93,3.94,3.93,53.0,20852.0,3.928,,
2026-08-03 11:22:00,3.93,3.93,3.94,3.93,114.0,44803.0,3.928,,
2026-08-03 11:23:00,3.93,3.93,3.94,3.93,49.0,19265.0,3.928,,
2026-08-03 11:24:00,3.93,3.94,3.94,3.93,54.0,21241.0,3.928,,
2026-08-03 11:25:00,3.94,3.94,3.94,3.93,81.0,31867.0,3.928,,
2026-08-03 11:26:00,3.94,3.94,3.94,3.93,98.0,38560.0,3.928,,
2026-08-03 11:27:00,3.94,3.93,3.94,3.93,40.0,15721.0,3.928,,
2026-08-03 11:28:00,3.93,3.93,3.94,3.93,27.0,10612.0,3.928,,
2026-08-03 11:29:00,3.93,3.93,3.94,3.93,66.0,25976.0,3.928,,
2026-08-03 11:30:00,3.93,3.93,3.94,3.93,101.0,39731.0,3.928,,
2026-08-03 13:01:00,3.93,3.93,3.94,3.93,393.0,154548.0,3.928,,
2026-08-03 13:02:00,3.93,3.93,3.94,3.93,187.0,73509.0,3.928,,
2026-08-03 13:03:00,3.93,3.93,3.94,3.93,158.0,62097.0,3.928,,
2026-08-03 13:04:00,3.93,3.94,3.94,3.93,654.0,257051.0,3.928,,
2026-08-03 13:05:00,3.94,3.93,3.94,3.92,1148.0,450878.0,3.928,,
2026-08-03 13:06:00,3.93,3.93,3.93,3.92,78.0,30587.0,3.928,,
2026-08-03 13:07:00,3.93,3.92,3.93,3.92,110.0,43159.0,3.928,,
2026-08-03 13:08:00,3.92,3.92,3.92,3.92,69.0,27049.0,3.928,,
2026-08-03 13:09:00,3.92,3.92,3.93,3.92,77.0,30186.0,3.928,,
2026-08-03 13:10:00,3.92,3.92,3.93,3.92,89.0,34891.0,3.928,,
2026-08-03 13:11:00,3.92,3.92,3.93,3.92,1384.0,542530.0,3.928,,
2026-08-03 13:12:00,3.92,3.92,3.92,3.92,390.0,152881.0,3.928,,
2026-08-03 13:13:00,3.92,3.91,3.92,3.91,198.0,77586.0,3.928,,
2026-08-03 13:14:00,3.91,3.92,3.93,3.91,553.0,216803.0,3.928,,
2026-08-03 13:15:00,3.92,3.92,3.93,3.92,24.0,9409.0,3.928,,
2026-08-03 13:16:00,3.92,3.93,3.93,3.92,43.0,16874.0,3.928,,
2026-08-03 13:17:00,3.93,3.92,3.92,3.92,613.0,240297.0,3.928,,
2026-08-03 13:18:00,3.92,3.92,3.93,3.92,286.0,112113.0,3.928,,
2026-08-03 13:19:00,3.92,3.92,3.93,3.92,114.0,44702.0,3.928,3.9324,
2026-08-03 13:20:00,3.92,3.92,3.93,3.92,72.0,28260.0,3.928,3.9322,
2026-08-03 13:21:00,3.92,3.92,3.93,3.92,104.0,40841.0,3.928,3.9318,
2026-08-03 13:22:00,3.92,3.93,3.93,3.92,1258.0,494377.0,3.928,3.9316000000000004,
2026-08-03 13:23:00,3.93,3.93,3.94,3.92,178.0,69946.0,3.928,3.9314,
2026-08-03 13:24:00,3.93,3.93,3.94,3.93,281.0,110434.0,3.928,3.9312,
2026-08-03 13:25:00,3.93,3.93,3.93,3.92,36.0,14133.0,3.928,3.931,
2026-08-03 13:26:00,3.93,3.92,3.93,3.92,39.0,15295.0,3.928,3.9306,
2026-08-03 13:27:00,3.92,3.92,3.93,3.92,64.0,25123.0,3.928,3.9302000000000006,
2026-08-03 13:28:00,3.92,3.93,3.93,3.92,93.0,36468.0,3.928,3.93,
2026-08-03 13:29:00,3.93,3.93,3.93,3.92,100.0,39247.0,3.928,3.9298,
2026-08-03 13:30:00,3.93,3.92,3.93,3.92,69.0,27070.0,3.928,3.9294,
2026-08-03 13:31:00,3.92,3.93,3.93,3.92,63.0,24721.0,3.928,3.929,
2026-08-03 13:32:00,3.93,3.93,3.94,3.93,838.0,329394.0,3.928,3.9288,
2026-08-03 13:33:00,3.93,3.93,3.94,3.93,113.0,44410.0,3.928,3.9286000000000003,
2026-08-03 13:34:00,3.93,3.94,3.94,3.93,68.0,26753.0,3.928,3.9286000000000003,
2026-08-03 13:35:00,3.94,3.94,3.94,3.93,109.0,42862.0,3.928,3.9286000000000003,
2026-08-03 13:36:00,3.94,3.93,3.94,3.93,246.0,96695.0,3.928,3.9282,
2026-08-03 13:37:00,3.93,3.93,3.93,3.92,331.0,130067.0,3.928,3.928,
2026-08-03 13:38:00,3.93,3.93,3.93,3.92,151.0,59323.0,3.928,3.9277999999999995,
2026-08-03 13:39:00,3.93,3.92,3.94,3.92,350.0,137555.0,3.928,3.9274,
2026-08-03 13:40:00,3.92,3.93,3.93,3.92,42.0,16470.0,3.928,3.9274,
2026-08-03 13:41:00,3.93,3.92,3.93,3.92,48.0,18819.0,3.928,3.9272000000000005,
2026-08-03 13:42:00,3.92,3.92,3.93,3.92,181.0,70953.0,3.928,3.927,
2026-08-03 13:43:00,3.92,3.92,3.93,3.92,118.0,46275.0,3.928,3.9268,
2026-08-03 13:44:00,3.92,3.92,3.93,3.92,194.0,76067.0,3.928,3.9263999999999997,
2026-08-03 13:45:00,3.92,3.92,3.92,3.92,107.0,41945.0,3.928,3.926,
2026-08-03 13:46:00,3.92,3.92,3.93,3.92,169.0,66266.0,3.928,3.9256,
2026-08-03 13:47:00,3.92,3.92,3.93,3.92,173.0,67882.0,3.928,3.9254000000000002,
2026-08-03 13:48:00,3.92,3.92,3.93,3.92,135.0,52947.0,3.928,3.9252,
2026-08-03 13:49:00,3.92,3.92,3.93,3.92,89.0,34899.0,3.928,3.925,
2026-08-03 13:50:00,3.92,3.92,3.92,3.92,208.0,81632.0,3.928,3.9248000000000003,
2026-08-03 13:51:00,3.92,3.92,3.93,3.92,190.0,74563.0,3.928,3.9246,
2026-08-03 13:52:00,3.92,3.93,3.93,3.92,113.0,44314.0,3.928,3.9246,
2026-08-03 13:53:00,3.93,3.93,3.94,3.92,876.0,344306.0,3.928,3.9246,
2026-08-03 13:54:00,3.93,3.92,3.94,3.92,327.0,128499.0,3.928,3.9241999999999995,
2026-08-03 13:55:00,3.92,3.93,3.94,3.92,301.0,118309.0,3.928,3.9242000000000004,
2026-08-03 13:56:00,3.93,3.93,3.94,3.93,251.0,98642.0,3.928,3.9242000000000004,
2026-08-03 13:57:00,3.93,3.93,3.94,3.93,291.0,114396.0,3.928,3.9244,
2026-08-03 13:58:00,3.93,3.93,3.94,3.93,598.0,235011.0,3.928,3.9246,
2026-08-03 13:59:00,3.93,3.93,3.94,3.92,397.0,156159.0,3.928,3.9248000000000003,
2026-08-03 14:00:00,3.93,3.93,3.94,3.93,300.0,117998.0,3.928,3.925,
2026-08-03 14:01:00,3.93,3.94,3.94,3.93,207.0,81389.0,3.928,3.9254000000000002,
2026-08-03 14:02:00,3.94,3.94,3.94,3.93,79.0,31062.0,3.928,3.9257999999999997,
2026-08-03 14:03:00,3.94,3.93,3.94,3.93,125.0,49143.0,3.928,3.9262,
2026-08-03 14:04:00,3.93,3.93,3.94,3.93,120.0,47210.0,3.928,3.9264000000000006,
2026-08-03 14:05:00,3.93,3.93,3.94,3.93,84.0,33055.0,3.928,3.9265999999999996,
2026-08-03 14:06:00,3.93,3.93,3.94,3.93,82.0,32263.0,3.928,3.9265999999999996,
2026-08-03 14:07:00,3.93,3.93,3.94,3.93,163.0,64164.0,3.928,3.9268,
2026-08-03 14:08:00,3.93,3.93,3.94,3.93,70.0,27544.0,3.928,3.9270000000000005,
2026-08-03 14:09:00,3.93,3.94,3.94,3.93,302.0,118748.0,3.928,3.9274,
2026-08-03 14:10:00,3.94,3.93,3.94,3.93,162.0,63733.0,3.928,3.9276000000000004,
2026-08-03 14:11:00,3.93,3.94,3.94,3.93,1826.0,717660.0,3.928,3.928,
2026-08-03 14:12:00,3.94,3.92,3.93,3.92,881.0,346191.0,3.928,3.9277999999999995,
2026-08-03 14:13:00,3.92,3.93,3.94,3.92,3104.0,1222289.0,3.929,3.9278000000000004,
2026-08-03 14:14:00,3.93,3.93,3.94,3.93,248.0,97590.0,3.929,3.9278000000000004,
2026-08-03 14:15:00,3.93,3.93,3.94,3.93,216.0,85027.0,3.929,3.9277999999999995,
2026-08-03 14:16:00,3.93,3.93,3.94,3.93,844.0,331747.0,3.929,3.928,
2026-08-03 14:17:00,3.93,3.93,3.94,3.93,320.0,125956.0,3.929,3.9282,
2026-08-03 14:18:00,3.93,3.93,3.94,3.93,248.0,97631.0,3.929,3.9282000000000004,
2026-08-03 14:19:00,3.93,3.93,3.94,3.93,193.0,75964.0,3.929,3.9282,
2026-08-03 14:20:00,3.93,3.93,3.94,3.93,395.0,155537.0,3.929,3.9284,
2026-08-03 14:21:00,3.93,3.93,3.94,3.93,288.0,113410.0,3.929,3.9284000000000003,
2026-08-03 14:22:00,3.93,3.94,3.94,3.93,257.0,101168.0,3.929,3.9286000000000003,
2026-08-03 14:23:00,3.94,3.94,3.95,3.94,683.0,269198.0,3.929,3.9288,
2026-08-03 14:24:00,3.94,3.94,3.95,3.94,154.0,60755.0,3.929,3.9288,
2026-08-03 14:25:00,3.94,3.94,3.95,3.94,590.0,232574.0,3.929,3.9288,
2026-08-03 14:26:00,3.94,3.93,3.95,3.93,903.0,355816.0,3.929,3.9288,
2026-08-03 14:27:00,3.93,3.94,3.94,3.93,113.0,44438.0,3.929,3.929,
2026-08-03 14:28:00,3.94,3.94,3.94,3.93,326.0,128269.0,3.929,3.9292000000000002,
2026-08-03 14:29:00,3.94,3.94,3.94,3.93,267.0,105024.0,3.929,3.9295999999999998,
2026-08-03 14:30:00,3.94,3.93,3.94,3.93,296.0,116417.0,3.929,3.9295999999999998,
2026-08-03 14:31:00,3.93,3.94,3.94,3.93,515.0,202679.0,3.929,3.93,
2026-08-03 14:32:00,3.94,3.93,3.94,3.93,342.0,134523.0,3.929,3.9302000000000006,
2026-08-03 14:33:00,3.93,3.94,3.94,3.93,281.0,110535.0,3.929,3.9306,
2026-08-03 14:34:00,3.94,3.93,3.94,3.93,479.0,188375.0,3.929,3.9308000000000005,
2026-08-03 14:35:00,3.93,3.93,3.94,3.93,447.0,175801.0,3.929,3.931,
2026-08-03 14:36:00,3.93,3.93,3.94,3.93,327.0,128594.0,3.929,3.9312,
2026-08-03 14:37:00,3.93,3.94,3.94,3.93,1180.0,463863.0,3.929,3.9315999999999995,
2026-08-03 14:38:00,3.94,3.93,3.93,3.93,378.0,148629.0,3.929,3.9318,
2026-08-03 14:39:00,3.93,3.94,3.94,3.93,1539.0,606161.0,3.929,3.9322,
2026-08-03 14:40:00,3.94,3.93,3.94,3.93,377.0,148239.0,3.929,3.9324,
2026-08-03 14:41:00,3.93,3.93,3.94,3.93,636.0,249983.0,3.929,3.9326000000000003,
2026-08-03 14:42:00,3.93,3.93,3.94,3.92,550.0,216205.0,3.929,3.9326,
2026-08-03 14:43:00,3.93,3.93,3.94,3.92,972.0,382502.0,3.929,3.9326,
2026-08-03 14:44:00,3.93,3.93,3.94,3.93,406.0,159785.0,3.929,3.9328000000000003,
2026-08-03 14:45:00,3.93,3.94,3.94,3.93,608.0,239109.0,3.929,3.9330000000000003,
2026-08-03 14:46:00,3.94,3.93,3.93,3.93,282.0,110992.0,3.929,3.9330000000000003,
2026-08-03 14:47:00,3.93,3.93,3.94,3.93,368.0,144958.0,3.929,3.9330000000000003,
2026-08-03 14:48:00,3.93,3.93,3.94,3.93,1283.0,504298.0,3.929,3.9330000000000003,
2026-08-03 14:49:00,3.93,3.93,3.94,3.93,430.0,169341.0,3.929,3.9330000000000003,
2026-08-03 14:50:00,3.93,3.93,3.94,3.93,341.0,134230.0,3.929,3.9330000000000003,
2026-08-03 14:51:00,3.93,3.93,3.94,3.93,284.0,111757.0,3.929,3.9328000000000003,
2026-08-03 14:52:00,3.93,3.94,3.94,3.93,776.0,305561.0,3.929,3.9328000000000003,
2026-08-03 14:53:00,3.94,3.95,3.95,3.93,2070.0,815614.0,3.93,3.9332,
2026-08-03 14:54:00,3.95,3.94,3.95,3.94,373.0,147236.0,3.93,3.9334,
2026-08-03 14:55:00,3.94,3.93,3.95,3.93,2232.0,879481.0,3.93,3.9334000000000002,
2026-08-03 14:56:00,3.93,3.94,3.95,3.93,1594.0,628750.0,3.93,3.9336,
2026-08-03 14:57:00,3.94,3.94,3.95,3.94,607.0,239707.0,3.93,3.9337999999999997,
2026-08-03 14:58:00,3.94,3.94,3.94,3.94,0.0,0.0,3.93,3.9339999999999997,
2026-08-03 14:59:00,3.94,3.94,3.94,3.94,0.0,0.0,3.93,3.9339999999999997,
2026-08-03 15:00:00,3.94,3.94,3.94,3.94,1337.0,526754.0,3.93,3.9341999999999997,
2026-08-04 09:30:00,3.94,3.94,3.94,3.94,315.0,124110.0,3.94,3.9341999999999997,
2026-08-04 09:31:00,3.94,3.94,3.95,3.93,2252.0,886553.0,3.937,3.9346000000000005,
2026-08-04 09:32:00,3.94,3.93,3.94,3.92,1618.0,635252.0,3.933,3.9345999999999997,
2026-08-04 09:33:00,3.93,3.95,3.96,3.93,2769.0,1092250.0,3.938,3.935,
2026-08-04 09:34:00,3.95,3.94,3.95,3.94,989.0,390073.0,3.938,3.9352000000000005,
2026-08-04 09:35:00,3.94,3.95,3.95,3.93,2388.0,940406.0,3.938,3.9356,
2026-08-04 09:36:00,3.95,3.95,3.95,3.94,445.0,175548.0,3.939,3.9360000000000004,
2026-08-04 09:37:00,3.95,3.94,3.95,3.94,349.0,137548.0,3.939,3.9362,
2026-08-04 09:38:00,3.94,3.93,3.94,3.93,257.0,101014.0,3.939,3.9362,
2026-08-04 09:39:00,3.93,3.93,3.94,3.93,452.0,177662.0,3.938,3.9362,
2026-08-04 09:40:00,3.93,3.93,3.94,3.93,309.0,121530.0,3.938,3.9362,
2026-08-04 09:41:00,3.93,3.92,3.93,3.92,896.0,351794.0,3.937,3.9358,
2026-08-04 09:42:00,3.92,3.92,3.93,3.92,476.0,186692.0,3.937,3.9354,
2026-08-04 09:43:00,3.92,3.92,3.92,3.92,1641.0,643322.0,3.935,3.935,
2026-08-04 09:44:00,3.92,3.91,3.93,3.91,1136.0,444728.0,3.934,3.9344,
2026-08-04 09:45:00,3.91,3.91,3.92,3.91,834.0,326100.0,3.932,3.934,
2026-08-04 09:46:00,3.91,3.91,3.92,3.91,1388.0,542902.0,3.931,3.9334000000000002,
2026-08-04 09:47:00,3.91,3.92,3.92,3.91,624.0,244057.0,3.93,3.9330000000000003,
2026-08-04 09:48:00,3.92,3.91,3.92,3.91,626.0,245053.0,3.93,3.9324,
2026-08-04 09:49:00,3.91,3.91,3.91,3.9,2789.0,1090214.0,3.927,3.932,
2026-08-04 09:50:00,3.91,3.91,3.91,3.9,618.0,241086.0,3.926,3.9314000000000004,
2026-08-04 09:51:00,3.91,3.9,3.91,3.9,1248.0,487480.0,3.925,3.9307999999999996,
2026-08-04 09:52:00,3.9,3.91,3.91,3.9,1089.0,424978.0,3.924,3.9301999999999997,
2026-08-04 09:53:00,3.91,3.91,3.91,3.9,1030.0,401804.0,3.924,3.9298,
2026-08-04 09:54:00,3.91,3.9,3.91,3.9,677.0,264232.0,3.923,3.9292,
2026-08-04 09:55:00,3.9,3.89,3.91,3.89,2132.0,830657.0,3.921,3.9284000000000003,
2026-08-04 09:56:00,3.89,3.88,3.9,3.88,1424.0,553509.0,3.92,3.9272000000000005,
2026-08-04 09:57:00,3.88,3.89,3.89,3.88,246.0,95575.0,3.919,3.9263999999999997,
2026-08-04 09:58:00,3.89,3.89,3.89,3.88,249.0,96732.0,3.919,3.9254000000000002,
2026-08-04 09:59:00,3.89,3.88,3.89,3.88,902.0,350222.0,3.918,3.9244,
2026-08-04 10:00:00,3.88,3.89,3.89,3.88,484.0,188057.0,3.917,3.9236,
2026-08-04 10:01:00,3.89,3.89,3.89,3.88,343.0,133150.0,3.917,3.9227999999999996,
2026-08-04 10:02:00,3.89,3.9,3.9,3.88,1493.0,580777.0,3.916,3.9222,
2026-08-04 10:03:00,3.9,3.89,3.9,3.89,869.0,338103.0,3.915,3.9213999999999998,
2026-08-04 10:04:00,3.89,3.9,3.9,3.89,290.0,112976.0,3.915,3.9206,
2026-08-04 10:05:00,3.9,3.9,3.9,3.89,92.0,35789.0,3.915,3.92,
2026-08-04 10:06:00,3.9,3.9,3.9,3.89,402.0,156451.0,3.915,3.9194,
2026-08-04 10:07:00,3.9,3.89,3.9,3.89,300.0,116802.0,3.915,3.9186,
2026-08-04 10:08:00,3.89,3.89,3.9,3.89,353.0,137361.0,3.914,3.9178,
2026-08-04 10:09:00,3.89,3.89,3.9,3.89,348.0,135504.0,3.914,3.917,
2026-08-04 10:10:00,3.89,3.9,3.9,3.89,230.0,89609.0,3.914,3.9164,
2026-08-04 10:11:00,3.9,3.9,3.9,3.89,219.0,85279.0,3.914,3.9156,
2026-08-04 10:12:00,3.9,3.9,3.9,3.89,346.0,134859.0,3.914,3.9146000000000005,
2026-08-04 10:13:00,3.9,3.9,3.9,3.89,110.0,42895.0,3.914,3.9138,
2026-08-04 10:14:00,3.9,3.89,3.9,3.89,184.0,71606.0,3.914,3.9130000000000003,
2026-08-04 10:15:00,3.89,3.91,3.91,3.9,3834.0,1495685.0,3.913,3.9124,
2026-08-04 10:16:00,3.91,3.91,3.91,3.9,163.0,63727.0,3.913,3.9118,
2026-08-04 10:17:00,3.91,3.9,3.91,3.9,110.0,43005.0,3.913,3.911,
2026-08-04 10:18:00,3.9,3.91,3.92,3.91,177.0,69261.0,3.913,3.9104,3.92605
2026-08-04 10:19:00,3.91,3.92,3.92,3.92,524.0,205408.0,3.913,3.91,3.926
2026-08-04 10:20:00,3.92,3.92,3.92,3.91,79.0,30957.0,3.913,3.9096,3.9259
2026-08-04 10:21:00,3.92,3.92,3.92,3.91,170.0,66540.0,3.913,3.9092,3.9258000000000006
2026-08-04 10:22:00,3.92,3.92,3.92,3.91,249.0,97517.0,3.913,3.9090000000000003,3.9257
2026-08-04 10:23:00,3.92,3.92,3.92,3.91,188.0,73583.0,3.913,3.9084,3.9256
2026-08-04 10:24:00,3.92,3.92,3.92,3.91,137.0,53592.0,3.913,3.908,3.9255
2026-08-04 10:25:00,3.92,3.91,3.92,3.91,189.0,74073.0,3.913,3.9072000000000005,3.92535
2026-08-04 10:26:00,3.91,3.92,3.92,3.92,77.0,30184.0,3.913,3.9065999999999996,3.92525
2026-08-04 10:27:00,3.92,3.92,3.92,3.92,137.0,53704.0,3.913,3.9062,3.92515
2026-08-04 10:28:00,3.92,3.92,3.93,3.91,779.0,304687.0,3.913,3.906,3.92505
2026-08-04 10:29:00,3.92,3.92,3.92,3.91,398.0,155923.0,3.913,3.9058000000000006,3.92495
2026-08-04 10:30:00,3.92,3.93,3.93,3.91,427.0,167595.0,3.913,3.9057999999999997,3.92485
2026-08-04 10:31:00,3.93,3.92,3.93,3.91,644.0,252754.0,3.913,3.9058000000000006,3.9247499999999995
2026-08-04 10:32:00,3.92,3.91,3.92,3.91,195.0,76378.0,3.913,3.9056,3.9246000000000003
2026-08-04 10:33:00,3.91,3.91,3.92,3.91,76.0,29784.0,3.913,3.9054,3.9244499999999998
2026-08-04 10:34:00,3.91,3.92,3.92,3.91,103.0,40342.0,3.913,3.9056,3.92435
2026-08-04 10:35:00,3.92,3.91,3.92,3.91,94.0,36790.0,3.913,3.9056,3.92415
2026-08-04 10:36:00,3.91,3.91,3.92,3.91,267.0,104410.0,3.913,3.9056,3.9240000000000004
2026-08-04 10:37:00,3.91,3.92,3.92,3.91,814.0,318443.0,3.913,3.9056,3.9238999999999997
2026-08-04 10:38:00,3.92,3.91,3.92,3.91,137.0,53666.0,3.913,3.9056,3.9237500000000005
2026-08-04 10:39:00,3.91,3.91,3.92,3.91,136.0,53178.0,3.913,3.9056,3.9236500000000003
2026-08-04 10:40:00,3.91,3.91,3.92,3.91,337.0,131873.0,3.913,3.9056,3.92355
2026-08-04 10:41:00,3.91,3.92,3.92,3.92,331.0,129739.0,3.913,3.906,3.9234999999999998
2026-08-04 10:42:00,3.92,3.91,3.92,3.91,89.0,34881.0,3.913,3.906,3.9234000000000004
2026-08-04 10:43:00,3.91,3.93,3.93,3.92,324.0,127024.0,3.913,3.9063999999999997,3.9233499999999997
2026-08-04 10:44:00,3.93,3.93,3.93,3.91,277.0,108725.0,3.913,3.9070000000000005,3.9233000000000002
2026-08-04 10:45:00,3.93,3.92,3.93,3.91,54.0,21168.0,3.913,3.9076,3.9232
2026-08-04 10:46:00,3.92,3.92,3.92,3.92,54.0,21168.0,3.913,3.9084,3.92315
2026-08-04 10:47:00,3.92,3.92,3.92,3.92,156.0,61152.0,3.913,3.9090000000000003,3.9231
2026-08-04 10:48:00,3.92,3.91,3.91,3.91,7.0,2737.0,3.913,3.9093999999999998,3.923
2026-08-04 10:49:00,3.91,3.92,3.92,3.92,8.0,3136.0,3.913,3.9101999999999997,3.9229499999999997
2026-08-04 10:50:00,3.92,3.91,3.91,3.91,42.0,16422.0,3.913,3.9106,3.9228500000000004
2026-08-04 10:51:00,3.91,3.92,3.92,3.91,98.0,38414.0,3.913,3.9112,3.9228000000000005
2026-08-04 10:52:00,3.92,3.92,3.93,3.91,1144.0,449330.0,3.914,3.9115999999999995,3.9227499999999997
2026-08-04 10:53:00,3.92,3.93,3.94,3.93,33.0,12969.0,3.914,3.9124,3.9227000000000003
2026-08-04 10:54:00,3.93,3.93,3.94,3.92,396.0,155649.0,3.914,3.9130000000000003,3.9227
2026-08-04 10:55:00,3.93,3.92,3.92,3.92,2.0,784.0,3.914,3.9133999999999998,3.9226500000000004
2026-08-04 10:56:00,3.92,3.93,3.93,3.93,1.0,393.0,3.914,3.9139999999999997,3.9227
2026-08-04 10:57:00,3.93,3.93,3.93,3.93,16.0,6288.0,3.914,3.9148,3.9227499999999997
2026-08-04 10:58:00,3.93,3.93,3.93,3.93,26.0,10218.0,3.914,3.9156,3.9228000000000005
2026-08-04 10:59:00,3.93,3.92,3.93,3.92,108.0,42391.0,3.914,3.9162,3.9227999999999996
2026-08-04 11:00:00,3.92,3.91,3.92,3.91,419.0,164138.0,3.914,3.9164,3.92275
2026-08-04 11:01:00,3.91,3.92,3.92,3.92,49.0,19216.0,3.914,3.9168000000000003,3.92275
2026-08-04 11:02:00,3.92,3.93,3.93,3.92,55.0,21584.0,3.914,3.9174,3.9228499999999995
2026-08-04 11:03:00,3.93,3.92,3.93,3.92,121.0,47449.0,3.914,3.9178,3.9228500000000004
2026-08-04 11:04:00,3.92,3.92,3.93,3.92,54.0,21206.0,3.914,3.9183999999999997,3.9228500000000004
2026-08-04 11:05:00,3.92,3.92,3.93,3.92,61.0,23943.0,3.914,3.9186,3.9227999999999996
2026-08-04 11:06:00,3.92,3.93,3.93,3.92,50.0,19627.0,3.914,3.9190000000000005,3.9228500000000004
2026-08-04 11:07:00,3.93,3.91,3.93,3.91,153.0,59974.0,3.914,3.9192,3.9227999999999996
2026-08-04 11:08:00,3.91,3.91,3.92,3.91,496.0,194131.0,3.914,3.9192,3.9227499999999997
2026-08-04 11:09:00,3.91,3.93,3.93,3.91,12.0,4696.0,3.914,3.9194000000000004,3.9228000000000005
2026-08-04 11:10:00,3.93,3.93,3.93,3.91,117.0,45941.0,3.914,3.9196,3.9228499999999995
2026-08-04 11:11:00,3.93,3.92,3.93,3.92,76.0,29861.0,3.914,3.9196000000000004,3.9228000000000005
2026-08-04 11:12:00,3.92,3.92,3.93,3.92,138.0,54227.0,3.914,3.9196,3.9227499999999997
2026-08-04 11:13:00,3.92,3.92,3.93,3.92,101.0,39593.0,3.914,3.9196000000000004,3.9227
2026-08-04 11:14:00,3.92,3.92,3.93,3.92,49.0,19235.0,3.914,3.9196,3.9226500000000004
2026-08-04 11:15:00,3.92,3.92,3.93,3.92,95.0,37243.0,3.914,3.9198000000000004,3.92265
2026-08-04 11:16:00,3.92,3.92,3.93,3.92,129.0,50616.0,3.914,3.9198000000000004,3.92265
2026-08-04 11:17:00,3.92,3.91,3.92,3.91,243.0,95242.0,3.914,3.9196,3.9225499999999998
2026-08-04 11:18:00,3.91,3.92,3.92,3.91,330.0,129073.0,3.914,3.9196000000000004,3.9225
2026-08-04 11:19:00,3.92,3.92,3.92,3.91,21.0,8231.0,3.914,3.9196,3.9225
2026-08-04 11:20:00,3.92,3.92,3.92,3.91,127.0,49697.0,3.914,3.9194,3.92245
2026-08-04 11:21:00,3.92,3.92,3.92,3.91,129.0,50510.0,3.914,3.9194,3.9224
2026-08-04 11:22:00,3.92,3.92,3.92,3.91,381.0,148974.0,3.914,3.9196,3.9223500000000002
2026-08-04 11:23:00,3.92,3.91,3.92,3.91,764.0,298746.0,3.914,3.9196,3.9222
2026-08-04 11:24:00,3.91,3.91,3.92,3.91,166.0,64941.0,3.914,3.9194000000000004,3.92205
2026-08-04 11:25:00,3.91,3.91,3.91,3.91,104.0,40666.0,3.914,3.9194,3.92195
2026-08-04 11:26:00,3.91,3.92,3.92,3.91,88.0,34495.0,3.914,3.9196,3.9219
2026-08-04 11:27:00,3.92,3.91,3.92,3.91,44.0,17222.0,3.914,3.9194,3.9218
2026-08-04 11:28:00,3.91,3.92,3.92,3.91,87.0,34031.0,3.914,3.9196000000000004,3.9218
2026-08-04 11:29:00,3.92,3.91,3.92,3.91,86.0,33680.0,3.914,3.9196000000000004,3.9217
2026-08-04 11:30:00,3.91,3.91,3.92,3.91,122.0,47746.0,3.914,3.9196,3.92165
2026-08-04 13:01:00,3.91,3.92,3.92,3.91,171.0,67013.0,3.914,3.9196,3.9216499999999996
2026-08-04 13:02:00,3.92,3.92,3.92,3.92,16.0,6272.0,3.914,3.9198000000000004,3.92165
2026-08-04 13:03:00,3.92,3.92,3.92,3.91,116.0,45397.0,3.914,3.9196,3.92165
2026-08-04 13:04:00,3.92,3.91,3.92,3.91,11.0,4309.0,3.914,3.9191999999999996,3.9215999999999998
2026-08-04 13:05:00,3.91,3.91,3.91,3.91,1.0,391.0,3.914,3.9189999999999996,3.9215500000000003
2026-08-04 13:06:00,3.91,3.91,3.91,3.91,51.0,19941.0,3.914,3.9188000000000005,3.9215000000000004
2026-08-04 13:07:00,3.91,3.91,3.92,3.91,17.0,6653.0,3.914,3.9186,3.9214499999999997
2026-08-04 13:08:00,3.91,3.91,3.92,3.91,82.0,32096.0,3.914,3.9186,3.9213999999999998
2026-08-04 13:09:00,3.91,3.91,3.91,3.9,1597.0,624391.0,3.914,3.9184,3.9213500000000003
2026-08-04 13:10:00,3.91,3.9,3.91,3.9,53.0,20691.0,3.914,3.9182,3.92125
2026-08-04 13:11:00,3.9,3.91,3.91,3.9,89.0,34785.0,3.914,3.918,3.92115
2026-08-04 13:12:00,3.91,3.91,3.91,3.91,21.0,8211.0,3.914,3.9178,3.92105
2026-08-04 13:13:00,3.91,3.91,3.91,3.9,264.0,103218.0,3.914,3.9174,3.9210000000000003
2026-08-04 13:14:00,3.91,3.9,3.91,3.9,39.0,15243.0,3.914,3.9168000000000003,3.9208499999999997
2026-08-04 13:15:00,3.9,3.91,3.91,3.9,64.0,24964.0,3.914,3.9166000000000003,3.92075
2026-08-04 13:16:00,3.91,3.9,3.9,3.9,48.0,18720.0,3.914,3.9160000000000004,3.9206
2026-08-04 13:17:00,3.9,3.9,3.9,3.9,1.0,390.0,3.914,3.9154,3.92045
2026-08-04 13:18:00,3.9,3.91,3.91,3.9,25.0,9766.0,3.914,3.915,3.9203500000000004
2026-08-04 13:19:00,3.91,3.9,3.91,3.9,121.0,47309.0,3.914,3.9146000000000005,3.9202
2026-08-04 13:20:00,3.9,3.9,3.91,3.9,44.0,17167.0,3.914,3.9144,3.92
2026-08-04 13:21:00,3.9,3.9,3.91,3.9,10.0,3902.0,3.914,3.9139999999999997,3.9198000000000004
2026-08-04 13:22:00,3.9,3.91,3.91,3.9,69.0,26927.0,3.914,3.9135999999999997,3.9197
2026-08-04 13:23:00,3.91,3.9,3.91,3.9,392.0,152897.0,3.914,3.9132,3.9195499999999996
2026-08-04 13:24:00,3.9,3.9,3.91,3.9,16.0,6241.0,3.914,3.9128000000000003,3.9194
2026-08-04 13:25:00,3.9,3.9,3.9,3.9,18.0,7021.0,3.914,3.9124,3.9192499999999995
2026-08-04 13:26:00,3.9,3.9,3.91,3.9,604.0,236102.0,3.914,3.9118,3.9191000000000003
2026-08-04 13:27:00,3.9,3.9,3.9,3.9,115.0,44850.0,3.914,3.9115999999999995,3.9189500000000006
2026-08-04 13:28:00,3.9,3.9,3.91,3.9,34.0,13269.0,3.914,3.9114,3.91875
2026-08-04 13:29:00,3.9,3.91,3.91,3.9,58.0,22655.0,3.914,3.9109999999999996,3.91865
2026-08-04 13:30:00,3.91,3.91,3.91,3.9,235.0,91725.0,3.914,3.9106,3.9185000000000003
2026-08-04 13:31:00,3.91,3.91,3.91,3.91,18.0,7038.0,3.914,3.9103999999999997,3.9184500000000004
2026-08-04 13:32:00,3.91,3.9,3.91,3.9,16.0,6247.0,3.914,3.91,3.9183
2026-08-04 13:33:00,3.9,3.9,3.9,3.9,0.0,0.0,3.914,3.9095999999999997,3.91815
2026-08-04 13:34:00,3.9,3.9,3.91,3.9,82.0,32058.0,3.914,3.9092000000000002,3.9179999999999997
2026-08-04 13:35:00,3.9,3.91,3.91,3.9,497.0,193872.0,3.913,3.909,3.9179000000000004
2026-08-04 13:36:00,3.91,3.91,3.91,3.91,1.0,391.0,3.913,3.9088,3.9178
2026-08-04 13:37:00,3.91,3.91,3.91,3.9,722.0,282231.0,3.913,3.9088,3.9177
2026-08-04 13:38:00,3.91,3.9,3.91,3.9,204.0,79762.0,3.913,3.9084,3.9175500000000003
2026-08-04 13:39:00,3.9,3.9,3.91,3.9,72.0,28140.0,3.913,3.908,3.9174
2026-08-04 13:40:00,3.9,3.9,3.91,3.9,85.0,33192.0,3.913,3.9076000000000004,3.91725
2026-08-04 13:41:00,3.9,3.91,3.91,3.9,484.0,189175.0,3.913,3.9074,3.9170999999999996
2026-08-04 13:42:00,3.91,3.91,3.91,3.9,95.0,37093.0,3.913,3.9072000000000005,3.91695
2026-08-04 13:43:00,3.91,3.9,3.91,3.9,78.0,30483.0,3.913,3.9070000000000005,3.91675
2026-08-04 13:44:00,3.9,3.9,3.91,3.9,87.0,33954.0,3.913,3.9067999999999996,3.9165500000000004
2026-08-04 13:45:00,3.9,3.91,3.91,3.9,496.0,193525.0,3.913,3.9068,3.9164499999999998
2026-08-04 13:46:00,3.91,3.9,3.91,3.9,52.0,20313.0,3.913,3.9063999999999997,3.91625
2026-08-04 13:47:00,3.9,3.91,3.91,3.9,82.0,32045.0,3.913,3.9064000000000005,3.9161
2026-08-04 13:48:00,3.91,3.91,3.91,3.9,20.0,7812.0,3.913,3.9062,3.9159500000000005
2026-08-04 13:49:00,3.91,3.91,3.91,3.9,107.0,41824.0,3.913,3.9062,3.91585
2026-08-04 13:50:00,3.91,3.9,3.91,3.9,593.0,231798.0,3.913,3.906,3.91565
2026-08-04 13:51:00,3.9,3.91,3.91,3.9,162.0,63271.0,3.913,3.9058000000000006,3.91555
2026-08-04 13:52:00,3.91,3.9,3.91,3.9,309.0,120806.0,3.913,3.9053999999999998,3.91535
2026-08-04 13:53:00,3.9,3.91,3.91,3.9,107.0,41760.0,3.913,3.9052000000000002,3.91525
2026-08-04 13:54:00,3.91,3.9,3.91,3.9,44.0,17190.0,3.913,3.905,3.9151
2026-08-04 13:55:00,3.9,3.9,3.91,3.9,392.0,153060.0,3.913,3.9048,3.91495
2026-08-04 13:56:00,3.9,3.91,3.91,3.9,26.0,10156.0,3.913,3.9048,3.9148
2026-08-04 13:57:00,3.91,3.91,3.91,3.9,180.0,70374.0,3.913,3.9048,3.9147
2026-08-04 13:58:00,3.91,3.9,3.91,3.9,255.0,99640.0,3.913,3.9046,3.9145
2026-08-04 13:59:00,3.9,3.91,3.91,3.9,40.0,15614.0,3.913,3.9046,3.9144000000000005
2026-08-04 14:00:00,3.91,3.91,3.91,3.9,128.0,50006.0,3.913,3.9048000000000003,3.9143
2026-08-04 14:01:00,3.91,3.92,3.92,3.9,607.0,237350.0,3.913,3.905,3.91425
2026-08-04 14:02:00,3.92,3.91,3.91,3.91,93.0,36399.0,3.913,3.905,3.9141500000000002
2026-08-04 14:03:00,3.91,3.91,3.91,3.91,186.0,72734.0,3.913,3.905,3.9140500000000005
2026-08-04 14:04:00,3.91,3.91,3.92,3.91,136.0,53291.0,3.913,3.9052,3.9139
2026-08-04 14:05:00,3.91,3.91,3.92,3.91,94.0,36787.0,3.913,3.9052,3.9138
2026-08-04 14:06:00,3.91,3.92,3.92,3.91,109.0,42727.0,3.913,3.9056,3.91375
2026-08-04 14:07:00,3.92,3.92,3.92,3.91,104.0,40759.0,3.913,3.9059999999999997,3.9137
2026-08-04 14:08:00,3.92,3.92,3.92,3.91,46.0,18017.0,3.913,3.9062,3.9136499999999996
2026-08-04 14:09:00,3.92,3.91,3.91,3.91,105.0,41086.0,3.913,3.9063999999999997,3.9135500000000003
2026-08-04 14:10:00,3.91,3.91,3.92,3.91,147.0,57544.0,3.913,3.9066,3.91345
2026-08-04 14:11:00,3.91,3.91,3.92,3.91,102.0,39950.0,3.913,3.9068,3.9133
2026-08-04 14:12:00,3.91,3.91,3.92,3.91,374.0,146248.0,3.913,3.9068,3.9131
2026-08-04 14:13:00,3.91,3.91,3.92,3.91,492.0,192482.0,3.913,3.907,3.9129500000000004
2026-08-04 14:14:00,3.91,3.91,3.92,3.91,59.0,23104.0,3.913,3.9072000000000005,3.9128499999999997
2026-08-04 14:15:00,3.91,3.91,3.92,3.91,1758.0,687395.0,3.913,3.9074,3.9126999999999996
2026-08-04 14:16:00,3.91,3.9,3.91,3.9,147.0,57350.0,3.913,3.9073999999999995,3.9125
2026-08-04 14:17:00,3.9,3.91,3.91,3.9,296.0,115510.0,3.913,3.9076000000000004,3.91235
2026-08-04 14:18:00,3.91,3.9,3.91,3.9,65.0,25359.0,3.913,3.9076,3.9121499999999996
2026-08-04 14:19:00,3.9,3.9,3.91,3.9,128.0,50035.0,3.913,3.9074,3.91195
2026-08-04 14:20:00,3.9,3.9,3.91,3.9,158.0,61680.0,3.913,3.9072000000000005,3.9117499999999996
2026-08-04 14:21:00,3.9,3.9,3.91,3.9,84.0,32781.0,3.913,3.9070000000000005,3.91155
2026-08-04 14:22:00,3.9,3.9,3.9,3.9,39.0,15268.0,3.913,3.9070000000000005,3.9114
2026-08-04 14:23:00,3.9,3.91,3.91,3.9,150.0,58632.0,3.913,3.9072000000000005,3.9112
2026-08-04 14:24:00,3.91,3.91,3.91,3.9,24.0,9375.0,3.913,3.9074,3.9110499999999995
2026-08-04 14:25:00,3.91,3.9,3.91,3.9,75.0,29288.0,3.913,3.9072000000000005,3.9108000000000005
2026-08-04 14:26:00,3.9,3.91,3.91,3.9,132.0,51578.0,3.913,3.9072000000000005,3.9106
2026-08-04 14:27:00,3.91,3.9,3.91,3.9,70.0,27333.0,3.913,3.9070000000000005,3.9104
2026-08-04 14:28:00,3.9,3.9,3.91,3.9,50.0,19534.0,3.913,3.907,3.9102499999999996
2026-08-04 14:29:00,3.9,3.9,3.91,3.9,298.0,116406.0,3.913,3.907,3.9101000000000004
2026-08-04 14:30:00,3.9,3.9,3.91,3.9,494.0,193128.0,3.913,3.907,3.9099500000000003
2026-08-04 14:31:00,3.9,3.9,3.91,3.9,35.0,13682.0,3.913,3.9068,3.90985
2026-08-04 14:32:00,3.9,3.9,3.91,3.9,76.0,29708.0,3.913,3.9065999999999996,3.9097500000000003
2026-08-04 14:33:00,3.9,3.91,3.91,3.9,171.0,66845.0,3.913,3.9068,3.9096999999999995
2026-08-04 14:34:00,3.91,3.91,3.91,3.9,367.0,143224.0,3.913,3.9070000000000005,3.9097000000000004
2026-08-04 14:35:00,3.91,3.9,3.91,3.9,30.0,11705.0,3.913,3.9068,3.9096500000000005
2026-08-04 14:36:00,3.9,3.9,3.91,3.9,97.0,37912.0,3.913,3.9068,3.9095999999999997
2026-08-04 14:37:00,3.9,3.9,3.91,3.9,85.0,33220.0,3.913,3.9065999999999996,3.9095
2026-08-04 14:38:00,3.9,3.91,3.91,3.9,111.0,43334.0,3.913,3.9065999999999996,3.9095000000000004
2026-08-04 14:39:00,3.91,3.91,3.91,3.9,139.0,54327.0,3.913,3.9065999999999996,3.9095
2026-08-04 14:40:00,3.91,3.91,3.91,3.9,516.0,201550.0,3.913,3.9068,3.9095
2026-08-04 14:41:00,3.91,3.91,3.91,3.9,244.0,95210.0,3.913,3.9068,3.90955
2026-08-04 14:42:00,3.91,3.9,3.91,3.9,186.0,72679.0,3.913,3.9067999999999996,3.9095000000000004
2026-08-04 14:43:00,3.9,3.91,3.91,3.9,301.0,117609.0,3.912,3.9068,3.9095
2026-08-04 14:44:00,3.91,3.91,3.91,3.9,227.0,88679.0,3.912,3.9070000000000005,3.90955
2026-08-04 14:45:00,3.91,3.91,3.91,3.9,204.0,79650.0,3.912,3.9072000000000005,3.9096499999999996
2026-08-04 14:46:00,3.91,3.91,3.91,3.9,436.0,170102.0,3.912,3.9072000000000005,3.9098
2026-08-04 14:47:00,3.91,3.91,3.91,3.9,43.0,16646.0,3.912,3.9072000000000005,3.9099
2026-08-04 14:48:00,3.91,3.91,3.91,3.9,83.0,32393.0,3.912,3.9074,3.91
2026-08-04 14:49:00,3.91,3.91,3.91,3.9,203.0,79320.0,3.912,3.9074,3.9101500000000002
2026-08-04 14:50:00,3.91,3.9,3.91,3.9,2104.0,822476.0,3.912,3.9071999999999996,3.9102000000000006
2026-08-04 14:51:00,3.9,3.91,3.91,3.9,480.0,187530.0,3.912,3.907,3.9103
2026-08-04 14:52:00,3.91,3.91,3.91,3.9,727.0,284225.0,3.912,3.907,3.9103499999999998
2026-08-04 14:53:00,3.91,3.9,3.91,3.9,250.0,97665.0,3.912,3.9068,3.9104
2026-08-04 14:54:00,3.9,3.91,3.91,3.9,24.0,9366.0,3.912,3.9068,3.91045
2026-08-04 14:55:00,3.91,3.91,3.91,3.9,479.0,187193.0,3.912,3.9068,3.9105000000000003
2026-08-04 14:56:00,3.91,3.9,3.92,3.9,670.0,261993.0,3.912,3.9063999999999997,3.9105000000000003
2026-08-04 14:57:00,3.9,3.91,3.91,3.9,288.0,112602.0,3.912,3.9062,3.9106
2026-08-04 14:58:00,3.91,3.91,3.91,3.91,0.0,0.0,3.912,3.9059999999999997,3.9107
2026-08-04 14:59:00,3.91,3.91,3.91,3.91,0.0,0.0,3.912,3.906,3.9108
2026-08-04 15:00:00,3.91,3.91,3.91,3.91,1389.0,543099.0,3.912,3.906,3.91085
2026-08-05 09:30:00,3.91,3.91,3.91,3.91,51.0,19941.0,3.91,3.906,3.9109000000000003
2026-08-05 09:31:00,3.92,3.91,3.93,3.91,1254.0,491466.0,3.919,3.906,3.91095
2026-08-05 09:32:00,3.91,3.9,3.91,3.9,674.0,263337.0,3.915,3.9058000000000006,3.9109499999999997
2026-08-05 09:33:00,3.9,3.9,3.91,3.9,907.0,353747.0,3.91,3.9056,3.9109999999999996
2026-08-05 09:34:00,3.91,3.91,3.91,3.9,379.0,148178.0,3.91,3.9056,3.911
2026-08-05 09:35:00,3.9,3.91,3.91,3.9,201.0,78502.0,3.91,3.9058000000000006,3.911
2026-08-05 09:36:00,3.91,3.9,3.91,3.89,2290.0,893130.0,3.906,3.9056,3.911
2026-08-05 09:37:00,3.91,3.9,3.91,3.9,998.0,389309.0,3.905,3.9056,3.9109499999999997
2026-08-05 09:38:00,3.9,3.91,3.91,3.89,760.0,296392.0,3.905,3.9058000000000006,3.9109000000000003
2026-08-05 09:39:00,3.91,3.92,3.92,3.9,2098.0,820377.0,3.906,3.9062,3.9109000000000003
2026-08-05 09:40:00,3.92,3.92,3.92,3.91,251.0,98244.0,3.906,3.9065999999999996,3.9109
2026-08-05 09:41:00,3.92,3.91,3.92,3.91,571.0,223389.0,3.907,3.9068,3.9108500000000004
2026-08-05 09:42:00,3.92,3.92,3.92,3.92,84.0,32924.0,3.907,3.907,3.91085
2026-08-05 09:43:00,3.91,3.91,3.92,3.91,218.0,85381.0,3.907,3.907,3.9108
2026-08-05 09:44:00,3.92,3.91,3.92,3.91,242.0,94828.0,3.907,3.9071999999999996,3.9108000000000005
2026-08-05 09:45:00,3.91,3.92,3.92,3.91,198.0,77529.0,3.907,3.9074,3.9108
2026-08-05 09:46:00,3.91,3.91,3.92,3.91,973.0,380507.0,3.908,3.9076,3.9107499999999997
2026-08-05 09:47:00,3.9,3.9,3.9,3.89,1432.0,558290.0,3.907,3.9076000000000004,3.91065
2026-08-05 09:48:00,3.9,3.89,3.9,3.89,61.0,23734.0,3.907,3.9074,3.9105000000000003
2026-08-05 09:49:00,3.89,3.9,3.9,3.89,105.0,40853.0,3.906,3.9074,3.91035
2026-08-05 09:50:00,3.9,3.89,3.9,3.89,233.0,90676.0,3.906,3.9071999999999996,3.9102000000000006
2026-08-05 09:51:00,3.89,3.9,3.9,3.89,446.0,173735.0,3.906,3.9071999999999996,3.91015
2026-08-05 09:52:00,3.89,3.89,3.89,3.89,1136.0,441933.0,3.905,3.9068,3.91005
2026-08-05 09:53:00,3.89,3.9,3.9,3.89,750.0,291764.0,3.904,3.9065999999999996,3.9099500000000003
2026-08-05 09:54:00,3.9,3.89,3.9,3.89,539.0,209764.0,3.904,3.9063999999999997,3.9098499999999996
2026-08-05 09:55:00,3.9,3.89,3.9,3.88,485.0,188664.0,3.903,3.9062,3.9097500000000003
2026-08-05 09:56:00,3.89,3.88,3.89,3.88,78.0,30332.0,3.903,3.9058000000000006,3.9095500000000003
2026-08-05 09:57:00,3.89,3.88,3.89,3.88,124.0,48135.0,3.903,3.9052000000000002,3.9093999999999998
2026-08-05 09:58:00,3.89,3.89,3.89,3.88,176.0,68404.0,3.903,3.9048000000000003,3.9093
2026-08-05 09:59:00,3.89,3.88,3.89,3.88,183.0,71109.0,3.903,3.9041999999999994,3.9091500000000003
2026-08-05 10:00:00,3.88,3.88,3.89,3.88,1057.0,410277.0,3.902,3.9035999999999995,3.9089500000000004
2026-08-05 10:01:00,3.88,3.88,3.88,3.88,102.0,39578.0,3.901,3.9032000000000004,3.9088
2026-08-05 10:02:00,3.89,3.88,3.89,3.88,563.0,218580.0,3.901,3.9026,3.90855
2026-08-05 10:03:00,3.89,3.88,3.89,3.88,314.0,121868.0,3.901,3.9019999999999997,3.9082999999999997
2026-08-05 10:04:00,3.88,3.87,3.88,3.87,2672.0,1036349.0,3.898,3.9012000000000002,3.9080500000000002
2026-08-05 10:05:00,3.88,3.88,3.88,3.87,1035.0,401468.0,3.897,3.9006,3.9078500000000003
2026-08-05 10:06:00,3.88,3.88,3.89,3.88,379.0,147129.0,3.897,3.9,3.90765
2026-08-05 10:07:00,3.89,3.88,3.89,3.88,69.0,26832.0,3.897,3.8994,3.9075
2026-08-05 10:08:00,3.89,3.89,3.89,3.89,11.0,4279.0,3.897,3.8990000000000005,3.90735
2026-08-05 10:09:00,3.88,3.88,3.89,3.88,177.0,68693.0,3.897,3.8986,3.9071999999999996
2026-08-05 10:10:00,3.88,3.88,3.89,3.88,61.0,23689.0,3.897,3.898,3.907
2026-08-05 10:11:00,3.88,3.89,3.89,3.88,181.0,70401.0,3.897,3.8976000000000006,3.90685
2026-08-05 10:12:00,3.89,3.88,3.89,3.88,752.0,292470.0,3.896,3.8972,3.9065999999999996
2026-08-05 10:13:00,3.89,3.9,3.9,3.89,583.0,226717.0,3.896,3.8970000000000002,3.9064500000000004
2026-08-05 10:14:00,3.9,3.89,3.9,3.89,378.0,147355.0,3.896,3.8966000000000003,3.9063
2026-08-05 10:15:00,3.9,3.89,3.9,3.89,282.0,109838.0,3.896,3.8964,3.9061000000000003
2026-08-05 10:16:00,3.9,3.9,3.9,3.9,709.0,276475.0,3.896,3.8962,3.9059500000000003
2026-08-05 10:17:00,3.9,3.89,3.9,3.89,91.0,35453.0,3.896,3.8958000000000004,3.90575
2026-08-05 10:18:00,3.9,3.89,3.9,3.89,391.0,152389.0,3.896,3.8953999999999995,3.9056
2026-08-05 10:19:00,3.9,3.9,3.9,3.9,31.0,12090.0,3.896,3.8952,3.90555
2026-08-05 10:20:00,3.9,3.9,3.9,3.9,631.0,246073.0,3.896,3.895,3.90545
2026-08-05 10:21:00,3.9,3.91,3.91,3.9,810.0,315963.0,3.897,3.895,3.9053500000000003
2026-08-05 10:22:00,3.9,3.9,3.91,3.9,210.0,81965.0,3.897,3.895,3.9052499999999997
2026-08-05 10:23:00,3.9,3.89,3.9,3.89,1142.0,445364.0,3.897,3.8947999999999996,3.9051
2026-08-05 10:24:00,3.91,3.9,3.91,3.9,101.0,39413.0,3.897,3.8945999999999996,3.9050000000000007
2026-08-05 10:25:00,3.9,3.9,3.9,3.9,280.0,109200.0,3.897,3.8944,3.90485
2026-08-05 10:26:00,3.9,3.9,3.9,3.9,14.0,5460.0,3.897,3.8944,3.9048000000000003
2026-08-05 10:27:00,3.9,3.89,3.9,3.89,130.0,50582.0,3.897,3.8942,3.9047
2026-08-05 10:28:00,3.9,3.9,3.9,3.9,11.0,4290.0,3.897,3.8939999999999997,3.90455
2026-08-05 10:29:00,3.9,3.9,3.9,3.89,186.0,72527.0,3.897,3.8936,3.9044
2026-08-05 10:30:00,3.91,3.9,3.91,3.9,284.0,110804.0,3.897,3.8932000000000007,3.9043
2026-08-05 10:31:00,3.91,3.91,3.91,3.9,255.0,99673.0,3.897,3.8931999999999998,3.90425
2026-08-05 10:32:00,3.91,3.91,3.91,3.91,66.0,25806.0,3.897,3.8930000000000002,3.9042000000000003
2026-08-05 10:33:00,3.91,3.9,3.91,3.9,187.0,72960.0,3.897,3.8928000000000003,3.9040999999999997
2026-08-05 10:34:00,3.91,3.91,3.91,3.9,56.0,21876.0,3.897,3.8928000000000003,3.9040500000000002
2026-08-05 10:35:00,3.91,3.9,3.91,3.9,48.0,18756.0,3.897,3.8923999999999994,3.9039500000000005
2026-08-05 10:36:00,3.91,3.9,3.91,3.9,149.0,58158.0,3.897,3.8922,3.9038999999999997
2026-08-05 10:37:00,3.91,3.91,3.91,3.91,137.0,53567.0,3.897,3.8923999999999994,3.90385
2026-08-05 10:38:00,3.91,3.9,3.91,3.9,318.0,124288.0,3.897,3.8926,3.90375
2026-08-05 10:39:00,3.91,3.9,3.91,3.9,666.0,259785.0,3.897,3.8926,3.9036500000000003
2026-08-05 10:40:00,3.9,3.9,3.91,3.9,196.0,76541.0,3.897,3.8928000000000003,3.90355
2026-08-05 10:41:00,3.91,3.9,3.91,3.9,119.0,46469.0,3.897,3.8928000000000003,3.90345
2026-08-05 10:42:00,3.9,3.9,3.91,3.9,175.0,68304.0,3.897,3.8929999999999993,3.9033999999999995
2026-08-05 10:43:00,3.91,3.9,3.91,3.9,107.0,41800.0,3.897,3.8930000000000002,3.9033500000000005
2026-08-05 10:44:00,3.91,3.91,3.91,3.9,311.0,121595.0,3.898,3.8933999999999997,3.9033500000000005
2026-08-05 10:45:00,3.91,3.91,3.91,3.9,444.0,173542.0,3.898,3.8938,3.9032999999999998
2026-08-05 10:46:00,3.9,3.9,3.9,3.9,101.0,39390.0,3.898,3.8941999999999997,3.90325
2026-08-05 10:47:00,3.91,3.9,3.91,3.9,105.0,40983.0,3.898,3.8945999999999996,3.9031500000000006
2026-08-05 10:48:00,3.91,3.9,3.91,3.9,257.0,100387.0,3.898,3.8948,3.9031000000000002
2026-08-05 10:49:00,3.91,3.91,3.91,3.91,35.0,13685.0,3.898,3.8954000000000004,3.9031000000000002
2026-08-05 10:50:00,3.91,3.9,3.91,3.9,70.0,27367.0,3.898,3.8958000000000004,3.903
2026-08-05 10:51:00,3.91,3.9,3.91,3.9,140.0,54639.0,3.898,3.8962,3.9029
2026-08-05 10:52:00,3.9,3.91,3.91,3.9,187.0,73114.0,3.898,3.8968000000000003,3.9028500000000004
2026-08-05 10:53:00,3.91,3.91,3.91,3.91,112.0,43792.0,3.898,3.8974,3.9028500000000004
2026-08-05 10:54:00,3.91,3.9,3.91,3.9,393.0,153417.0,3.898,3.898,3.9027999999999996
2026-08-05 10:55:00,3.91,3.9,3.91,3.9,1094.0,426831.0,3.898,3.8983999999999996,3.9027499999999997
2026-08-05 10:56:00,3.9,3.9,3.9,3.9,22.0,8580.0,3.898,3.8988,3.9027000000000003
2026-08-05 10:57:00,3.89,3.89,3.89,3.89,104.0,40456.0,3.898,3.8990000000000005,3.9026000000000005
2026-08-05 10:58:00,3.9,3.9,3.9,3.9,109.0,42510.0,3.898,3.8991999999999996,3.9025499999999997
2026-08-05 10:59:00,3.9,3.9,3.9,3.9,71.0,27690.0,3.898,3.8996,3.9025499999999997
2026-08-05 11:00:00,3.9,3.89,3.9,3.89,129.0,50210.0,3.898,3.8998000000000004,3.90245
2026-08-05 11:01:00,3.9,3.9,3.9,3.89,71.0,27670.0,3.898,3.9,3.9023999999999996
2026-08-05 11:02:00,3.89,3.89,3.89,3.89,56.0,21784.0,3.898,3.9002,3.9023000000000003
2026-08-05 11:03:00,3.9,3.9,3.9,3.9,1.0,390.0,3.898,3.9002000000000003,3.9023000000000003
2026-08-05 11:04:00,3.9,3.9,3.9,3.89,205.0,79849.0,3.898,3.9004000000000003,3.9022500000000004
2026-08-05 11:05:00,3.9,3.89,3.9,3.89,100.0,38997.0,3.898,3.9004000000000003,3.9022
2026-08-05 11:06:00,3.89,3.9,3.9,3.89,245.0,95392.0,3.898,3.9004000000000003,3.9021999999999997
2026-08-05 11:07:00,3.9,3.9,3.9,3.9,104.0,40560.0,3.898,3.9006,3.90215
2026-08-05 11:08:00,3.89,3.9,3.9,3.89,308.0,120095.0,3.898,3.9008,3.9021500000000002
2026-08-05 11:09:00,3.9,3.9,3.9,3.89,219.0,85409.0,3.898,3.9008,3.9021500000000002
2026-08-05 11:10:00,3.89,3.9,3.9,3.89,226.0,88030.0,3.898,3.9008,3.90215
2026-08-05 11:11:00,3.9,3.9,3.9,3.9,87.0,33930.0,3.898,3.9006,3.9021
2026-08-05 11:12:00,3.9,3.9,3.9,3.89,262.0,102178.0,3.898,3.9006,3.9021
2026-08-05 11:13:00,3.9,3.9,3.9,3.89,811.0,316188.0,3.898,3.9008,3.9021000000000003
2026-08-05 11:14:00,3.9,3.9,3.91,3.9,386.0,150703.0,3.898,3.9008,3.9021000000000003
2026-08-05 11:15:00,3.91,3.91,3.91,3.9,41.0,16030.0,3.898,3.901,3.90215
2026-08-05 11:16:00,3.9,3.9,3.91,3.9,162.0,63238.0,3.898,3.901,3.90215
2026-08-05 11:17:00,3.91,3.9,3.91,3.9,213.0,83282.0,3.898,3.9012000000000002,3.90215
2026-08-05 11:18:00,3.91,3.9,3.91,3.9,37.0,14465.0,3.898,3.9012000000000002,3.9021000000000003
2026-08-05 11:19:00,3.9,3.91,3.91,3.9,221.0,86307.0,3.898,3.9013999999999998,3.9021
2026-08-05 11:20:00,3.9,3.91,3.91,3.9,117.0,45704.0,3.898,3.9016,3.9021
2026-08-05 11:21:00,3.9,3.9,3.91,3.9,356.0,138955.0,3.898,3.9013999999999998,3.9021
2026-08-05 11:22:00,3.9,3.9,3.91,3.9,257.0,100481.0,3.898,3.9012000000000002,3.9021000000000003
2026-08-05 11:23:00,3.9,3.91,3.91,3.9,50.0,19544.0,3.898,3.9013999999999998,3.9021500000000002
2026-08-05 11:24:00,3.91,3.9,3.91,3.9,141.0,55029.0,3.898,3.9012000000000002,3.9021
2026-08-05 11:25:00,3.9,3.9,3.91,3.9,82.0,32052.0,3.898,3.9012000000000002,3.90205
2026-08-05 11:26:00,3.9,3.91,3.91,3.9,171.0,66714.0,3.898,3.9013999999999998,3.9020500000000005
2026-08-05 11:27:00,3.91,3.91,3.91,3.91,38.0,14857.0,3.898,3.9014000000000006,3.9021
2026-08-05 11:28:00,3.9,3.9,3.91,3.9,146.0,56941.0,3.898,3.9013999999999998,3.9021
2026-08-05 11:29:00,3.9,3.91,3.91,3.9,82.0,32015.0,3.898,3.9016,3.90215
2026-08-05 11:30:00,3.9,3.9,3.91,3.9,637.0,248458.0,3.898,3.9015999999999997,3.9021000000000003
2026-08-05 13:01:00,3.9,3.89,3.9,3.89,1312.0,511582.0,3.899,3.9013999999999998,3.9020000000000006
2026-08-05 13:02:00,3.89,3.9,3.9,3.89,530.0,206175.0,3.898,3.9014000000000006,3.9019999999999997
2026-08-05 13:03:00,3.89,3.89,3.89,3.89,2.0,778.0,3.898,3.9012000000000002,3.90195
2026-08-05 13:04:00,3.89,3.9,3.9,3.89,129.0,50301.0,3.898,3.9010000000000002,3.9019
2026-08-05 13:05:00,3.9,3.9,3.9,3.9,162.0,63144.0,3.898,3.9008000000000003,3.9019
2026-08-05 13:06:00,3.9,3.89,3.9,3.89,193.0,75145.0,3.898,3.9006,3.9018
2026-08-05 13:07:00,3.89,3.9,3.9,3.89,304.0,118318.0,3.898,3.9006,3.9017500000000003
2026-08-05 13:08:00,3.89,3.88,3.89,3.88,2492.0,969005.0,3.898,3.9002,3.9016
2026-08-05 13:09:00,3.88,3.89,3.89,3.88,214.0,83132.0,3.898,3.8998000000000004,3.9015500000000003
2026-08-05 13:10:00,3.89,3.89,3.89,3.88,140.0,54359.0,3.898,3.8996,3.9014499999999996
2026-08-05 13:11:00,3.88,3.89,3.89,3.88,11.0,4274.0,3.898,3.8994,3.9013999999999998
2026-08-05 13:12:00,3.88,3.88,3.89,3.88,30.0,11660.0,3.898,3.8988,3.90125
2026-08-05 13:13:00,3.88,3.89,3.89,3.88,61.0,23699.0,3.898,3.8983999999999996,3.9012000000000002
2026-08-05 13:14:00,3.89,3.88,3.89,3.88,443.0,172248.0,3.898,3.8979999999999997,3.9010999999999996
2026-08-05 13:15:00,3.88,3.88,3.89,3.88,503.0,195209.0,3.897,3.8976000000000006,3.90095
2026-08-05 13:16:00,3.88,3.88,3.89,3.88,736.0,285573.0,3.897,3.8972,3.9008
2026-08-05 13:17:00,3.88,3.89,3.89,3.88,227.0,88296.0,3.897,3.8971999999999998,3.9007500000000004
2026-08-05 13:18:00,3.89,3.89,3.89,3.88,510.0,198111.0,3.897,3.8970000000000002,3.90065
2026-08-05 13:19:00,3.88,3.89,3.89,3.88,196.0,76234.0,3.897,3.8968000000000003,3.90055
2026-08-05 13:20:00,3.88,3.89,3.89,3.88,41.0,15937.0,3.897,3.8968000000000003,3.9004000000000003
2026-08-05 13:21:00,3.88,3.89,3.89,3.88,29.0,11279.0,3.897,3.8966,3.9002999999999997
2026-08-05 13:22:00,3.89,3.88,3.89,3.88,116.0,45096.0,3.897,3.8964,3.90015
2026-08-05 13:23:00,3.89,3.89,3.89,3.88,182.0,70790.0,3.897,3.8962,3.90005
2026-08-05 13:24:00,3.89,3.88,3.89,3.88,48.0,18665.0,3.897,3.8958,3.8999
2026-08-05 13:25:00,3.89,3.88,3.89,3.88,84.0,32675.0,3.897,3.8956,3.8996999999999997
2026-08-05 13:26:00,3.89,3.88,3.89,3.88,67.0,26061.0,3.897,3.8952,3.8994999999999997
2026-08-05 13:27:00,3.89,3.88,3.89,3.88,157.0,61018.0,3.897,3.8947999999999996,3.8993
2026-08-05 13:28:00,3.88,3.89,3.89,3.88,129.0,50127.0,3.897,3.8946000000000005,3.8991999999999996
2026-08-05 13:29:00,3.88,3.88,3.89,3.88,94.0,36522.0,3.897,3.8942,3.89905
2026-08-05 13:30:00,3.89,3.89,3.89,3.88,189.0,73509.0,3.897,3.8939999999999997,3.8989500000000006
2026-08-05 13:31:00,3.89,3.88,3.89,3.88,213.0,82855.0,3.897,3.8936,3.8988
2026-08-05 13:32:00,3.88,3.89,3.89,3.88,158.0,61447.0,3.897,3.8933999999999997,3.8987
2026-08-05 13:33:00,3.89,3.88,3.89,3.88,99.0,38484.0,3.897,3.8930000000000002,3.89855
2026-08-05 13:34:00,3.89,3.89,3.89,3.89,149.0,57961.0,3.897,3.8928000000000003,3.8984500000000004
2026-08-05 13:35:00,3.89,3.88,3.89,3.88,181.0,70357.0,3.897,3.8922000000000003,3.8983499999999998
2026-08-05 13:36:00,3.88,3.89,3.89,3.88,197.0,76493.0,3.897,3.892,3.89825
2026-08-05 13:37:00,3.88,3.89,3.89,3.88,125.0,48568.0,3.897,3.8918,3.8982
2026-08-05 13:38:00,3.88,3.88,3.88,3.87,4566.0,1770875.0,3.895,3.8914,3.8981
2026-08-05 13:39:00,3.88,3.88,3.88,3.87,34.0,13185.0,3.895,3.8908,3.898
2026-08-05 13:40:00,3.88,3.87,3.88,3.87,42.0,16258.0,3.895,3.89,3.8978499999999996
2026-08-05 13:41:00,3.88,3.87,3.88,3.87,250.0,96971.0,3.895,3.8894,3.8977
2026-08-05 13:42:00,3.88,3.88,3.88,3.87,122.0,47335.0,3.895,3.889,3.89755
2026-08-05 13:43:00,3.88,3.87,3.88,3.87,115.0,44591.0,3.895,3.8882,3.8973500000000003
2026-08-05 13:44:00,3.88,3.87,3.88,3.87,381.0,147814.0,3.895,3.8876,3.8971999999999998
2026-08-05 13:45:00,3.88,3.88,3.88,3.87,455.0,176237.0,3.895,3.8872000000000004,3.8970499999999997
2026-08-05 13:46:00,3.87,3.88,3.88,3.87,223.0,86463.0,3.895,3.8866,3.89695
2026-08-05 13:47:00,3.88,3.88,3.88,3.87,121.0,46947.0,3.895,3.8859999999999997,3.89685
2026-08-05 13:48:00,3.88,3.88,3.88,3.87,279.0,108171.0,3.895,3.8856,3.8967499999999995
2026-08-05 13:49:00,3.87,3.87,3.88,3.87,92.0,35667.0,3.895,3.8848,3.8966
2026-08-05 13:50:00,3.88,3.88,3.88,3.87,43.0,16679.0,3.895,3.8844,3.8964999999999996
2026-08-05 13:51:00,3.88,3.88,3.88,3.87,85.0,32973.0,3.895,3.8842000000000003,3.8964
2026-08-05 13:52:00,3.88,3.87,3.88,3.87,198.0,76769.0,3.895,3.8835999999999995,3.8962
2026-08-05 13:53:00,3.88,3.87,3.88,3.87,2906.0,1124988.0,3.893,3.8832,3.8959999999999995
2026-08-05 13:54:00,3.87,3.88,3.88,3.87,651.0,252076.0,3.893,3.8827999999999996,3.8958999999999997
2026-08-05 13:55:00,3.87,3.87,3.88,3.87,11.0,4261.0,3.893,3.8821999999999997,3.89575
2026-08-05 13:56:00,3.88,3.88,3.88,3.87,32.0,12405.0,3.893,3.8819999999999997,3.89565
2026-08-05 13:57:00,3.87,3.87,3.88,3.87,435.0,168464.0,3.893,3.8813999999999997,3.8954499999999994
2026-08-05 13:58:00,3.88,3.87,3.88,3.87,1441.0,557681.0,3.893,3.8812,3.89525
2026-08-05 13:59:00,3.88,3.87,3.88,3.86,4261.0,1648995.0,3.891,3.8808,3.89505
2026-08-05 14:00:00,3.86,3.86,3.87,3.86,486.0,187797.0,3.891,3.8802,3.8948
2026-08-05 14:01:00,3.86,3.87,3.87,3.86,577.0,222741.0,3.891,3.8797999999999995,3.89465
2026-08-05 14:02:00,3.87,3.87,3.87,3.87,9.0,3483.0,3.891,3.8796,3.89445
2026-08-05 14:03:00,3.87,3.87,3.87,3.87,121.0,46827.0,3.891,3.8792,3.89425
2026-08-05 14:04:00,3.87,3.87,3.87,3.86,1043.0,403500.0,3.89,3.8790000000000004,3.8940500000000005
2026-08-05 14:05:00,3.87,3.87,3.87,3.86,413.0,159816.0,3.89,3.8788,3.89385
2026-08-05 14:06:00,3.86,3.87,3.87,3.86,60.0,23219.0,3.89,3.8785999999999996,3.89365
2026-08-05 14:07:00,3.86,3.86,3.87,3.86,416.0,160627.0,3.89,3.878,3.8934
2026-08-05 14:08:00,3.87,3.86,3.87,3.86,1227.0,473829.0,3.89,3.8774,3.89315
2026-08-05 14:09:00,3.86,3.86,3.86,3.85,1537.0,593300.0,3.889,3.8768000000000002,3.8929500000000004
2026-08-05 14:10:00,3.86,3.87,3.87,3.86,2408.0,930704.0,3.888,3.8764,3.89275
2026-08-05 14:11:00,3.87,3.87,3.87,3.86,291.0,112508.0,3.888,3.8760000000000003,3.89255
2026-08-05 14:12:00,3.87,3.87,3.87,3.86,236.0,91200.0,3.888,3.8758000000000004,3.8923999999999994
2026-08-05 14:13:00,3.86,3.87,3.87,3.86,172.0,66472.0,3.888,3.8753999999999995,3.8922
2026-08-05 14:14:00,3.87,3.87,3.87,3.86,88.0,34046.0,3.888,3.8752,3.892
2026-08-05 14:15:00,3.87,3.87,3.87,3.86,177.0,68486.0,3.888,3.875,3.89185
2026-08-05 14:16:00,3.87,3.87,3.87,3.86,162.0,62643.0,3.888,3.8748,3.89165
2026-08-05 14:17:00,3.87,3.87,3.87,3.86,89.0,34418.0,3.888,3.8746000000000005,3.89145
2026-08-05 14:18:00,3.87,3.87,3.87,3.86,28.0,10833.0,3.888,3.8742,3.89125
2026-08-05 14:19:00,3.86,3.87,3.87,3.86,2089.0,806241.0,3.887,3.8739999999999997,3.8910500000000003
2026-08-05 14:20:00,3.87,3.86,3.87,3.86,63.0,24351.0,3.887,3.8734,3.8908
2026-08-05 14:21:00,3.87,3.87,3.87,3.87,38.0,14706.0,3.887,3.8731999999999998,3.8906
2026-08-05 14:22:00,3.87,3.87,3.87,3.86,343.0,132432.0,3.887,3.8728000000000002,3.89045
2026-08-05 14:23:00,3.87,3.86,3.87,3.86,35.0,13543.0,3.887,3.8724000000000003,3.8902500000000004
2026-08-05 14:24:00,3.87,3.87,3.87,3.86,98.0,37870.0,3.887,3.872,3.89005
2026-08-05 14:25:00,3.87,3.87,3.87,3.86,60.0,23214.0,3.887,3.8718,3.88985
2026-08-05 14:26:00,3.87,3.86,3.87,3.86,99.0,38312.0,3.887,3.8712,3.8896500000000005
2026-08-05 14:27:00,3.87,3.87,3.87,3.87,13.0,5031.0,3.887,3.8708,3.8895000000000004
